Data_Referencia,Codi_Districte,Nom_Districte,Codi_Barri,Nom_Barri,Valor,NACIONALITAT_REGIO,SEXE
2024-01-01,1,Ciutat Vella,1,el Raval,16,1,1
2024-01-01,1,Ciutat Vella,1,el Raval,21,1,2
2024-01-01,1,Ciutat Vella,1,el Raval,9,2,1
2024-01-01,1,Ciutat Vella,1,el Raval,16,2,2
2024-01-01,1,Ciutat Vella,1,el Raval,632,3,1
2024-01-01,1,Ciutat Vella,1,el Raval,1199,3,2
2024-01-01,1,Ciutat Vella,1,el Raval,8,4,1
2024-01-01,1,Ciutat Vella,1,el Raval,10,4,2
2024-01-01,1,Ciutat Vella,1,el Raval,73,5,1
2024-01-01,1,Ciutat Vella,1,el Raval,159,5,2
2024-01-01,1,Ciutat Vella,1,el Raval,153,6,1
2024-01-01,1,Ciutat Vella,1,el Raval,181,6,2
2024-01-01,1,Ciutat Vella,1,el Raval,277,7,1
2024-01-01,1,Ciutat Vella,1,el Raval,255,7,2
2024-01-01,1,Ciutat Vella,1,el Raval,1628,8,1
2024-01-01,1,Ciutat Vella,1,el Raval,1655,8,2
2024-01-01,1,Ciutat Vella,1,el Raval,173,9,1
2024-01-01,1,Ciutat Vella,1,el Raval,198,9,2
2024-01-01,1,Ciutat Vella,1,el Raval,10,10,1
2024-01-01,1,Ciutat Vella,1,el Raval,18,10,2
2024-01-01,1,Ciutat Vella,1,el Raval,217,11,1
2024-01-01,1,Ciutat Vella,1,el Raval,173,11,2
2024-01-01,1,Ciutat Vella,1,el Raval,2583,12,1
2024-01-01,1,Ciutat Vella,1,el Raval,4279,12,2
2024-01-01,1,Ciutat Vella,1,el Raval,2146,13,1
2024-01-01,1,Ciutat Vella,1,el Raval,1666,13,2
2024-01-01,1,Ciutat Vella,1,el Raval,190,14,1
2024-01-01,1,Ciutat Vella,1,el Raval,229,14,2
2024-01-01,1,Ciutat Vella,1,el Raval,654,15,1
2024-01-01,1,Ciutat Vella,1,el Raval,450,15,2
2024-01-01,1,Ciutat Vella,1,el Raval,407,16,1
2024-01-01,1,Ciutat Vella,1,el Raval,481,16,2
2024-01-01,1,Ciutat Vella,1,el Raval,12264,17,1
2024-01-01,1,Ciutat Vella,1,el Raval,12737,17,2
2024-01-01,1,Ciutat Vella,1,el Raval,821,18,1
2024-01-01,1,Ciutat Vella,1,el Raval,894,18,2
2024-01-01,1,Ciutat Vella,1,el Raval,13,19,1
2024-01-01,1,Ciutat Vella,1,el Raval,19,19,2
2024-01-01,1,Ciutat Vella,1,el Raval,14,23,1
2024-01-01,1,Ciutat Vella,1,el Raval,6,23,2
2024-01-01,1,Ciutat Vella,2,el Barri Gòtic,7,1,1
2024-01-01,1,Ciutat Vella,2,el Barri Gòtic,8,1,2
2024-01-01,1,Ciutat Vella,2,el Barri Gòtic,7,2,1
2024-01-01,1,Ciutat Vella,2,el Barri Gòtic,8,2,2
2024-01-01,1,Ciutat Vella,2,el Barri Gòtic,406,3,1
2024-01-01,1,Ciutat Vella,2,el Barri Gòtic,1561,3,2
2024-01-01,1,Ciutat Vella,2,el Barri Gòtic,..,4,1
2024-01-01,1,Ciutat Vella,2,el Barri Gòtic,8,4,2
2024-01-01,1,Ciutat Vella,2,el Barri Gòtic,43,5,1
2024-01-01,1,Ciutat Vella,2,el Barri Gòtic,239,5,2
2024-01-01,1,Ciutat Vella,2,el Barri Gòtic,54,6,1
2024-01-01,1,Ciutat Vella,2,el Barri Gòtic,69,6,2
2024-01-01,1,Ciutat Vella,2,el Barri Gòtic,305,7,1
2024-01-01,1,Ciutat Vella,2,el Barri Gòtic,185,7,2
2024-01-01,1,Ciutat Vella,2,el Barri Gòtic,1293,8,1
2024-01-01,1,Ciutat Vella,2,el Barri Gòtic,1262,8,2
2024-01-01,1,Ciutat Vella,2,el Barri Gòtic,179,9,1
2024-01-01,1,Ciutat Vella,2,el Barri Gòtic,160,9,2
2024-01-01,1,Ciutat Vella,2,el Barri Gòtic,18,10,1
2024-01-01,1,Ciutat Vella,2,el Barri Gòtic,10,10,2
2024-01-01,1,Ciutat Vella,2,el Barri Gòtic,95,11,1
2024-01-01,1,Ciutat Vella,2,el Barri Gòtic,74,11,2
2024-01-01,1,Ciutat Vella,2,el Barri Gòtic,698,12,1
2024-01-01,1,Ciutat Vella,2,el Barri Gòtic,6704,12,2
2024-01-01,1,Ciutat Vella,2,el Barri Gòtic,223,13,1
2024-01-01,1,Ciutat Vella,2,el Barri Gòtic,147,13,2
2024-01-01,1,Ciutat Vella,2,el Barri Gòtic,143,14,1
2024-01-01,1,Ciutat Vella,2,el Barri Gòtic,165,14,2
2024-01-01,1,Ciutat Vella,2,el Barri Gòtic,493,15,1
2024-01-01,1,Ciutat Vella,2,el Barri Gòtic,381,15,2
2024-01-01,1,Ciutat Vella,2,el Barri Gòtic,385,16,1
2024-01-01,1,Ciutat Vella,2,el Barri Gòtic,404,16,2
2024-01-01,1,Ciutat Vella,2,el Barri Gòtic,4866,17,1
2024-01-01,1,Ciutat Vella,2,el Barri Gòtic,5301,17,2
2024-01-01,1,Ciutat Vella,2,el Barri Gòtic,656,18,1
2024-01-01,1,Ciutat Vella,2,el Barri Gòtic,605,18,2
2024-01-01,1,Ciutat Vella,2,el Barri Gòtic,24,19,1
2024-01-01,1,Ciutat Vella,2,el Barri Gòtic,24,19,2
2024-01-01,1,Ciutat Vella,2,el Barri Gòtic,..,23,1
2024-01-01,1,Ciutat Vella,2,el Barri Gòtic,6,23,2
2024-01-01,1,Ciutat Vella,3,la Barceloneta,..,1,1
2024-01-01,1,Ciutat Vella,3,la Barceloneta,..,1,2
2024-01-01,1,Ciutat Vella,3,la Barceloneta,..,2,1
2024-01-01,1,Ciutat Vella,3,la Barceloneta,..,2,2
2024-01-01,1,Ciutat Vella,3,la Barceloneta,147,3,1
2024-01-01,1,Ciutat Vella,3,la Barceloneta,262,3,2
2024-01-01,1,Ciutat Vella,3,la Barceloneta,..,4,1
2024-01-01,1,Ciutat Vella,3,la Barceloneta,..,4,2
2024-01-01,1,Ciutat Vella,3,la Barceloneta,5,5,1
2024-01-01,1,Ciutat Vella,3,la Barceloneta,31,5,2
2024-01-01,1,Ciutat Vella,3,la Barceloneta,27,6,1
2024-01-01,1,Ciutat Vella,3,la Barceloneta,37,6,2
2024-01-01,1,Ciutat Vella,3,la Barceloneta,112,7,1
2024-01-01,1,Ciutat Vella,3,la Barceloneta,86,7,2
2024-01-01,1,Ciutat Vella,3,la Barceloneta,725,8,1
2024-01-01,1,Ciutat Vella,3,la Barceloneta,617,8,2
2024-01-01,1,Ciutat Vella,3,la Barceloneta,80,9,1
2024-01-01,1,Ciutat Vella,3,la Barceloneta,63,9,2
2024-01-01,1,Ciutat Vella,3,la Barceloneta,7,10,1
2024-01-01,1,Ciutat Vella,3,la Barceloneta,30,11,1
2024-01-01,1,Ciutat Vella,3,la Barceloneta,31,11,2
2024-01-01,1,Ciutat Vella,3,la Barceloneta,129,12,1
2024-01-01,1,Ciutat Vella,3,la Barceloneta,336,12,2
2024-01-01,1,Ciutat Vella,3,la Barceloneta,21,13,1
2024-01-01,1,Ciutat Vella,3,la Barceloneta,14,13,2
2024-01-01,1,Ciutat Vella,3,la Barceloneta,65,14,1
2024-01-01,1,Ciutat Vella,3,la Barceloneta,56,14,2
2024-01-01,1,Ciutat Vella,3,la Barceloneta,433,15,1
2024-01-01,1,Ciutat Vella,3,la Barceloneta,300,15,2
2024-01-01,1,Ciutat Vella,3,la Barceloneta,225,16,1
2024-01-01,1,Ciutat Vella,3,la Barceloneta,230,16,2
2024-01-01,1,Ciutat Vella,3,la Barceloneta,4965,17,1
2024-01-01,1,Ciutat Vella,3,la Barceloneta,4677,17,2
2024-01-01,1,Ciutat Vella,3,la Barceloneta,401,18,1
2024-01-01,1,Ciutat Vella,3,la Barceloneta,377,18,2
2024-01-01,1,Ciutat Vella,3,la Barceloneta,7,19,1
2024-01-01,1,Ciutat Vella,3,la Barceloneta,16,19,2
2024-01-01,1,Ciutat Vella,3,la Barceloneta,..,23,1
2024-01-01,1,Ciutat Vella,4,"Sant Pere, Santa Caterina i la Ribera",6,1,1
2024-01-01,1,Ciutat Vella,4,"Sant Pere, Santa Caterina i la Ribera",6,1,2
2024-01-01,1,Ciutat Vella,4,"Sant Pere, Santa Caterina i la Ribera",8,2,1
2024-01-01,1,Ciutat Vella,4,"Sant Pere, Santa Caterina i la Ribera",5,2,2
2024-01-01,1,Ciutat Vella,4,"Sant Pere, Santa Caterina i la Ribera",215,3,1
2024-01-01,1,Ciutat Vella,4,"Sant Pere, Santa Caterina i la Ribera",394,3,2
2024-01-01,1,Ciutat Vella,4,"Sant Pere, Santa Caterina i la Ribera",8,4,1
2024-01-01,1,Ciutat Vella,4,"Sant Pere, Santa Caterina i la Ribera",10,4,2
2024-01-01,1,Ciutat Vella,4,"Sant Pere, Santa Caterina i la Ribera",23,5,1
2024-01-01,1,Ciutat Vella,4,"Sant Pere, Santa Caterina i la Ribera",58,5,2
2024-01-01,1,Ciutat Vella,4,"Sant Pere, Santa Caterina i la Ribera",89,6,1
2024-01-01,1,Ciutat Vella,4,"Sant Pere, Santa Caterina i la Ribera",93,6,2
2024-01-01,1,Ciutat Vella,4,"Sant Pere, Santa Caterina i la Ribera",180,7,1
2024-01-01,1,Ciutat Vella,4,"Sant Pere, Santa Caterina i la Ribera",121,7,2
2024-01-01,1,Ciutat Vella,4,"Sant Pere, Santa Caterina i la Ribera",926,8,1
2024-01-01,1,Ciutat Vella,4,"Sant Pere, Santa Caterina i la Ribera",866,8,2
2024-01-01,1,Ciutat Vella,4,"Sant Pere, Santa Caterina i la Ribera",260,9,1
2024-01-01,1,Ciutat Vella,4,"Sant Pere, Santa Caterina i la Ribera",204,9,2
2024-01-01,1,Ciutat Vella,4,"Sant Pere, Santa Caterina i la Ribera",11,10,1
2024-01-01,1,Ciutat Vella,4,"Sant Pere, Santa Caterina i la Ribera",8,10,2
2024-01-01,1,Ciutat Vella,4,"Sant Pere, Santa Caterina i la Ribera",160,11,1
2024-01-01,1,Ciutat Vella,4,"Sant Pere, Santa Caterina i la Ribera",128,11,2
2024-01-01,1,Ciutat Vella,4,"Sant Pere, Santa Caterina i la Ribera",194,12,1
2024-01-01,1,Ciutat Vella,4,"Sant Pere, Santa Caterina i la Ribera",419,12,2
2024-01-01,1,Ciutat Vella,4,"Sant Pere, Santa Caterina i la Ribera",187,13,1
2024-01-01,1,Ciutat Vella,4,"Sant Pere, Santa Caterina i la Ribera",135,13,2
2024-01-01,1,Ciutat Vella,4,"Sant Pere, Santa Caterina i la Ribera",126,14,1
2024-01-01,1,Ciutat Vella,4,"Sant Pere, Santa Caterina i la Ribera",126,14,2
2024-01-01,1,Ciutat Vella,4,"Sant Pere, Santa Caterina i la Ribera",561,15,1
2024-01-01,1,Ciutat Vella,4,"Sant Pere, Santa Caterina i la Ribera",316,15,2
2024-01-01,1,Ciutat Vella,4,"Sant Pere, Santa Caterina i la Ribera",500,16,1
2024-01-01,1,Ciutat Vella,4,"Sant Pere, Santa Caterina i la Ribera",543,16,2
2024-01-01,1,Ciutat Vella,4,"Sant Pere, Santa Caterina i la Ribera",7071,17,1
2024-01-01,1,Ciutat Vella,4,"Sant Pere, Santa Caterina i la Ribera",6774,17,2
2024-01-01,1,Ciutat Vella,4,"Sant Pere, Santa Caterina i la Ribera",821,18,1
2024-01-01,1,Ciutat Vella,4,"Sant Pere, Santa Caterina i la Ribera",860,18,2
2024-01-01,1,Ciutat Vella,4,"Sant Pere, Santa Caterina i la Ribera",21,19,1
2024-01-01,1,Ciutat Vella,4,"Sant Pere, Santa Caterina i la Ribera",37,19,2
2024-01-01,1,Ciutat Vella,4,"Sant Pere, Santa Caterina i la Ribera",..,23,1
2024-01-01,1,Ciutat Vella,4,"Sant Pere, Santa Caterina i la Ribera",..,23,2
2024-01-01,2,Eixample,5,el Fort Pienc,9,1,1
2024-01-01,2,Eixample,5,el Fort Pienc,9,1,2
2024-01-01,2,Eixample,5,el Fort Pienc,..,2,1
2024-01-01,2,Eixample,5,el Fort Pienc,9,2,2
2024-01-01,2,Eixample,5,el Fort Pienc,125,3,1
2024-01-01,2,Eixample,5,el Fort Pienc,408,3,2
2024-01-01,2,Eixample,5,el Fort Pienc,9,4,1
2024-01-01,2,Eixample,5,el Fort Pienc,..,4,2
2024-01-01,2,Eixample,5,el Fort Pienc,16,5,1
2024-01-01,2,Eixample,5,el Fort Pienc,73,5,2
2024-01-01,2,Eixample,5,el Fort Pienc,66,6,1
2024-01-01,2,Eixample,5,el Fort Pienc,77,6,2
2024-01-01,2,Eixample,5,el Fort Pienc,455,7,1
2024-01-01,2,Eixample,5,el Fort Pienc,220,7,2
2024-01-01,2,Eixample,5,el Fort Pienc,2036,8,1
2024-01-01,2,Eixample,5,el Fort Pienc,1714,8,2
2024-01-01,2,Eixample,5,el Fort Pienc,107,9,1
2024-01-01,2,Eixample,5,el Fort Pienc,92,9,2
2024-01-01,2,Eixample,5,el Fort Pienc,9,10,1
2024-01-01,2,Eixample,5,el Fort Pienc,5,10,2
2024-01-01,2,Eixample,5,el Fort Pienc,660,11,1
2024-01-01,2,Eixample,5,el Fort Pienc,590,11,2
2024-01-01,2,Eixample,5,el Fort Pienc,157,12,1
2024-01-01,2,Eixample,5,el Fort Pienc,885,12,2
2024-01-01,2,Eixample,5,el Fort Pienc,64,13,1
2024-01-01,2,Eixample,5,el Fort Pienc,56,13,2
2024-01-01,2,Eixample,5,el Fort Pienc,132,14,1
2024-01-01,2,Eixample,5,el Fort Pienc,125,14,2
2024-01-01,2,Eixample,5,el Fort Pienc,513,15,1
2024-01-01,2,Eixample,5,el Fort Pienc,354,15,2
2024-01-01,2,Eixample,5,el Fort Pienc,194,16,1
2024-01-01,2,Eixample,5,el Fort Pienc,238,16,2
2024-01-01,2,Eixample,5,el Fort Pienc,13517,17,1
2024-01-01,2,Eixample,5,el Fort Pienc,12021,17,2
2024-01-01,2,Eixample,5,el Fort Pienc,548,18,1
2024-01-01,2,Eixample,5,el Fort Pienc,587,18,2
2024-01-01,2,Eixample,5,el Fort Pienc,8,19,1
2024-01-01,2,Eixample,5,el Fort Pienc,13,19,2
2024-01-01,2,Eixample,5,el Fort Pienc,7,23,1
2024-01-01,2,Eixample,5,el Fort Pienc,..,23,2
2024-01-01,2,Eixample,6,la Sagrada Família,..,1,1
2024-01-01,2,Eixample,6,la Sagrada Família,5,1,2
2024-01-01,2,Eixample,6,la Sagrada Família,..,2,1
2024-01-01,2,Eixample,6,la Sagrada Família,..,2,2
2024-01-01,2,Eixample,6,la Sagrada Família,160,3,1
2024-01-01,2,Eixample,6,la Sagrada Família,278,3,2
2024-01-01,2,Eixample,6,la Sagrada Família,..,4,1
2024-01-01,2,Eixample,6,la Sagrada Família,..,4,2
2024-01-01,2,Eixample,6,la Sagrada Família,26,5,1
2024-01-01,2,Eixample,6,la Sagrada Família,54,5,2
2024-01-01,2,Eixample,6,la Sagrada Família,131,6,1
2024-01-01,2,Eixample,6,la Sagrada Família,122,6,2
2024-01-01,2,Eixample,6,la Sagrada Família,462,7,1
2024-01-01,2,Eixample,6,la Sagrada Família,287,7,2
2024-01-01,2,Eixample,6,la Sagrada Família,2594,8,1
2024-01-01,2,Eixample,6,la Sagrada Família,2062,8,2
2024-01-01,2,Eixample,6,la Sagrada Família,129,9,1
2024-01-01,2,Eixample,6,la Sagrada Família,139,9,2
2024-01-01,2,Eixample,6,la Sagrada Família,13,10,1
2024-01-01,2,Eixample,6,la Sagrada Família,7,10,2
2024-01-01,2,Eixample,6,la Sagrada Família,726,11,1
2024-01-01,2,Eixample,6,la Sagrada Família,569,11,2
2024-01-01,2,Eixample,6,la Sagrada Família,241,12,1
2024-01-01,2,Eixample,6,la Sagrada Família,382,12,2
2024-01-01,2,Eixample,6,la Sagrada Família,113,13,1
2024-01-01,2,Eixample,6,la Sagrada Família,68,13,2
2024-01-01,2,Eixample,6,la Sagrada Família,171,14,1
2024-01-01,2,Eixample,6,la Sagrada Família,176,14,2
2024-01-01,2,Eixample,6,la Sagrada Família,727,15,1
2024-01-01,2,Eixample,6,la Sagrada Família,465,15,2
2024-01-01,2,Eixample,6,la Sagrada Família,250,16,1
2024-01-01,2,Eixample,6,la Sagrada Família,303,16,2
2024-01-01,2,Eixample,6,la Sagrada Família,22274,17,1
2024-01-01,2,Eixample,6,la Sagrada Família,18695,17,2
2024-01-01,2,Eixample,6,la Sagrada Família,569,18,1
2024-01-01,2,Eixample,6,la Sagrada Família,593,18,2
2024-01-01,2,Eixample,6,la Sagrada Família,..,19,1
2024-01-01,2,Eixample,6,la Sagrada Família,7,19,2
2024-01-01,2,Eixample,6,la Sagrada Família,10,23,1
2024-01-01,2,Eixample,6,la Sagrada Família,..,23,2
2024-01-01,2,Eixample,7,la Dreta de l'Eixample,5,1,1
2024-01-01,2,Eixample,7,la Dreta de l'Eixample,6,1,2
2024-01-01,2,Eixample,7,la Dreta de l'Eixample,6,2,1
2024-01-01,2,Eixample,7,la Dreta de l'Eixample,6,2,2
2024-01-01,2,Eixample,7,la Dreta de l'Eixample,148,3,1
2024-01-01,2,Eixample,7,la Dreta de l'Eixample,226,3,2
2024-01-01,2,Eixample,7,la Dreta de l'Eixample,10,4,1
2024-01-01,2,Eixample,7,la Dreta de l'Eixample,8,4,2
2024-01-01,2,Eixample,7,la Dreta de l'Eixample,19,5,1
2024-01-01,2,Eixample,7,la Dreta de l'Eixample,50,5,2
2024-01-01,2,Eixample,7,la Dreta de l'Eixample,48,6,1
2024-01-01,2,Eixample,7,la Dreta de l'Eixample,50,6,2
2024-01-01,2,Eixample,7,la Dreta de l'Eixample,305,7,1
2024-01-01,2,Eixample,7,la Dreta de l'Eixample,186,7,2
2024-01-01,2,Eixample,7,la Dreta de l'Eixample,1475,8,1
2024-01-01,2,Eixample,7,la Dreta de l'Eixample,1094,8,2
2024-01-01,2,Eixample,7,la Dreta de l'Eixample,409,9,1
2024-01-01,2,Eixample,7,la Dreta de l'Eixample,446,9,2
2024-01-01,2,Eixample,7,la Dreta de l'Eixample,26,10,1
2024-01-01,2,Eixample,7,la Dreta de l'Eixample,19,10,2
2024-01-01,2,Eixample,7,la Dreta de l'Eixample,408,11,1
2024-01-01,2,Eixample,7,la Dreta de l'Eixample,314,11,2
2024-01-01,2,Eixample,7,la Dreta de l'Eixample,141,12,1
2024-01-01,2,Eixample,7,la Dreta de l'Eixample,192,12,2
2024-01-01,2,Eixample,7,la Dreta de l'Eixample,130,13,1
2024-01-01,2,Eixample,7,la Dreta de l'Eixample,68,13,2
2024-01-01,2,Eixample,7,la Dreta de l'Eixample,262,14,1
2024-01-01,2,Eixample,7,la Dreta de l'Eixample,263,14,2
2024-01-01,2,Eixample,7,la Dreta de l'Eixample,797,15,1
2024-01-01,2,Eixample,7,la Dreta de l'Eixample,465,15,2
2024-01-01,2,Eixample,7,la Dreta de l'Eixample,479,16,1
2024-01-01,2,Eixample,7,la Dreta de l'Eixample,554,16,2
2024-01-01,2,Eixample,7,la Dreta de l'Eixample,18068,17,1
2024-01-01,2,Eixample,7,la Dreta de l'Eixample,15757,17,2
2024-01-01,2,Eixample,7,la Dreta de l'Eixample,1169,18,1
2024-01-01,2,Eixample,7,la Dreta de l'Eixample,1198,18,2
2024-01-01,2,Eixample,7,la Dreta de l'Eixample,24,19,1
2024-01-01,2,Eixample,7,la Dreta de l'Eixample,44,19,2
2024-01-01,2,Eixample,7,la Dreta de l'Eixample,10,23,1
2024-01-01,2,Eixample,7,la Dreta de l'Eixample,..,23,2
2024-01-01,2,Eixample,8,l'Antiga Esquerra de l'Eixample,12,1,1
2024-01-01,2,Eixample,8,l'Antiga Esquerra de l'Eixample,11,1,2
2024-01-01,2,Eixample,8,l'Antiga Esquerra de l'Eixample,6,2,1
2024-01-01,2,Eixample,8,l'Antiga Esquerra de l'Eixample,7,2,2
2024-01-01,2,Eixample,8,l'Antiga Esquerra de l'Eixample,142,3,1
2024-01-01,2,Eixample,8,l'Antiga Esquerra de l'Eixample,207,3,2
2024-01-01,2,Eixample,8,l'Antiga Esquerra de l'Eixample,10,4,1
2024-01-01,2,Eixample,8,l'Antiga Esquerra de l'Eixample,11,4,2
2024-01-01,2,Eixample,8,l'Antiga Esquerra de l'Eixample,17,5,1
2024-01-01,2,Eixample,8,l'Antiga Esquerra de l'Eixample,36,5,2
2024-01-01,2,Eixample,8,l'Antiga Esquerra de l'Eixample,69,6,1
2024-01-01,2,Eixample,8,l'Antiga Esquerra de l'Eixample,57,6,2
2024-01-01,2,Eixample,8,l'Antiga Esquerra de l'Eixample,312,7,1
2024-01-01,2,Eixample,8,l'Antiga Esquerra de l'Eixample,277,7,2
2024-01-01,2,Eixample,8,l'Antiga Esquerra de l'Eixample,1718,8,1
2024-01-01,2,Eixample,8,l'Antiga Esquerra de l'Eixample,1907,8,2
2024-01-01,2,Eixample,8,l'Antiga Esquerra de l'Eixample,271,9,1
2024-01-01,2,Eixample,8,l'Antiga Esquerra de l'Eixample,234,9,2
2024-01-01,2,Eixample,8,l'Antiga Esquerra de l'Eixample,27,10,1
2024-01-01,2,Eixample,8,l'Antiga Esquerra de l'Eixample,19,10,2
2024-01-01,2,Eixample,8,l'Antiga Esquerra de l'Eixample,400,11,1
2024-01-01,2,Eixample,8,l'Antiga Esquerra de l'Eixample,324,11,2
2024-01-01,2,Eixample,8,l'Antiga Esquerra de l'Eixample,162,12,1
2024-01-01,2,Eixample,8,l'Antiga Esquerra de l'Eixample,249,12,2
2024-01-01,2,Eixample,8,l'Antiga Esquerra de l'Eixample,238,13,1
2024-01-01,2,Eixample,8,l'Antiga Esquerra de l'Eixample,180,13,2
2024-01-01,2,Eixample,8,l'Antiga Esquerra de l'Eixample,180,14,1
2024-01-01,2,Eixample,8,l'Antiga Esquerra de l'Eixample,168,14,2
2024-01-01,2,Eixample,8,l'Antiga Esquerra de l'Eixample,633,15,1
2024-01-01,2,Eixample,8,l'Antiga Esquerra de l'Eixample,461,15,2
2024-01-01,2,Eixample,8,l'Antiga Esquerra de l'Eixample,279,16,1
2024-01-01,2,Eixample,8,l'Antiga Esquerra de l'Eixample,360,16,2
2024-01-01,2,Eixample,8,l'Antiga Esquerra de l'Eixample,17831,17,1
2024-01-01,2,Eixample,8,l'Antiga Esquerra de l'Eixample,15305,17,2
2024-01-01,2,Eixample,8,l'Antiga Esquerra de l'Eixample,757,18,1
2024-01-01,2,Eixample,8,l'Antiga Esquerra de l'Eixample,869,18,2
2024-01-01,2,Eixample,8,l'Antiga Esquerra de l'Eixample,18,19,1
2024-01-01,2,Eixample,8,l'Antiga Esquerra de l'Eixample,30,19,2
2024-01-01,2,Eixample,8,l'Antiga Esquerra de l'Eixample,9,23,1
2024-01-01,2,Eixample,8,l'Antiga Esquerra de l'Eixample,5,23,2
2024-01-01,2,Eixample,9,la Nova Esquerra de l'Eixample,8,1,1
2024-01-01,2,Eixample,9,la Nova Esquerra de l'Eixample,5,1,2
2024-01-01,2,Eixample,9,la Nova Esquerra de l'Eixample,7,2,1
2024-01-01,2,Eixample,9,la Nova Esquerra de l'Eixample,9,2,2
2024-01-01,2,Eixample,9,la Nova Esquerra de l'Eixample,155,3,1
2024-01-01,2,Eixample,9,la Nova Esquerra de l'Eixample,250,3,2
2024-01-01,2,Eixample,9,la Nova Esquerra de l'Eixample,..,4,1
2024-01-01,2,Eixample,9,la Nova Esquerra de l'Eixample,..,4,2
2024-01-01,2,Eixample,9,la Nova Esquerra de l'Eixample,14,5,1
2024-01-01,2,Eixample,9,la Nova Esquerra de l'Eixample,36,5,2
2024-01-01,2,Eixample,9,la Nova Esquerra de l'Eixample,121,6,1
2024-01-01,2,Eixample,9,la Nova Esquerra de l'Eixample,122,6,2
2024-01-01,2,Eixample,9,la Nova Esquerra de l'Eixample,409,7,1
2024-01-01,2,Eixample,9,la Nova Esquerra de l'Eixample,241,7,2
2024-01-01,2,Eixample,9,la Nova Esquerra de l'Eixample,2369,8,1
2024-01-01,2,Eixample,9,la Nova Esquerra de l'Eixample,1925,8,2
2024-01-01,2,Eixample,9,la Nova Esquerra de l'Eixample,146,9,1
2024-01-01,2,Eixample,9,la Nova Esquerra de l'Eixample,132,9,2
2024-01-01,2,Eixample,9,la Nova Esquerra de l'Eixample,12,10,1
2024-01-01,2,Eixample,9,la Nova Esquerra de l'Eixample,..,10,2
2024-01-01,2,Eixample,9,la Nova Esquerra de l'Eixample,686,11,1
2024-01-01,2,Eixample,9,la Nova Esquerra de l'Eixample,544,11,2
2024-01-01,2,Eixample,9,la Nova Esquerra de l'Eixample,198,12,1
2024-01-01,2,Eixample,9,la Nova Esquerra de l'Eixample,313,12,2
2024-01-01,2,Eixample,9,la Nova Esquerra de l'Eixample,247,13,1
2024-01-01,2,Eixample,9,la Nova Esquerra de l'Eixample,179,13,2
2024-01-01,2,Eixample,9,la Nova Esquerra de l'Eixample,147,14,1
2024-01-01,2,Eixample,9,la Nova Esquerra de l'Eixample,148,14,2
2024-01-01,2,Eixample,9,la Nova Esquerra de l'Eixample,653,15,1
2024-01-01,2,Eixample,9,la Nova Esquerra de l'Eixample,379,15,2
2024-01-01,2,Eixample,9,la Nova Esquerra de l'Eixample,243,16,1
2024-01-01,2,Eixample,9,la Nova Esquerra de l'Eixample,270,16,2
2024-01-01,2,Eixample,9,la Nova Esquerra de l'Eixample,25133,17,1
2024-01-01,2,Eixample,9,la Nova Esquerra de l'Eixample,21963,17,2
2024-01-01,2,Eixample,9,la Nova Esquerra de l'Eixample,535,18,1
2024-01-01,2,Eixample,9,la Nova Esquerra de l'Eixample,657,18,2
2024-01-01,2,Eixample,9,la Nova Esquerra de l'Eixample,6,19,1
2024-01-01,2,Eixample,9,la Nova Esquerra de l'Eixample,9,19,2
2024-01-01,2,Eixample,9,la Nova Esquerra de l'Eixample,16,23,1
2024-01-01,2,Eixample,9,la Nova Esquerra de l'Eixample,6,23,2
2024-01-01,2,Eixample,10,Sant Antoni,6,1,1
2024-01-01,2,Eixample,10,Sant Antoni,6,1,2
2024-01-01,2,Eixample,10,Sant Antoni,10,2,1
2024-01-01,2,Eixample,10,Sant Antoni,5,2,2
2024-01-01,2,Eixample,10,Sant Antoni,121,3,1
2024-01-01,2,Eixample,10,Sant Antoni,254,3,2
2024-01-01,2,Eixample,10,Sant Antoni,7,4,1
2024-01-01,2,Eixample,10,Sant Antoni,..,4,2
2024-01-01,2,Eixample,10,Sant Antoni,12,5,1
2024-01-01,2,Eixample,10,Sant Antoni,93,5,2
2024-01-01,2,Eixample,10,Sant Antoni,76,6,1
2024-01-01,2,Eixample,10,Sant Antoni,85,6,2
2024-01-01,2,Eixample,10,Sant Antoni,265,7,1
2024-01-01,2,Eixample,10,Sant Antoni,141,7,2
2024-01-01,2,Eixample,10,Sant Antoni,1274,8,1
2024-01-01,2,Eixample,10,Sant Antoni,1076,8,2
2024-01-01,2,Eixample,10,Sant Antoni,128,9,1
2024-01-01,2,Eixample,10,Sant Antoni,129,9,2
2024-01-01,2,Eixample,10,Sant Antoni,11,10,1
2024-01-01,2,Eixample,10,Sant Antoni,7,10,2
2024-01-01,2,Eixample,10,Sant Antoni,436,11,1
2024-01-01,2,Eixample,10,Sant Antoni,396,11,2
2024-01-01,2,Eixample,10,Sant Antoni,286,12,1
2024-01-01,2,Eixample,10,Sant Antoni,516,12,2
2024-01-01,2,Eixample,10,Sant Antoni,518,13,1
2024-01-01,2,Eixample,10,Sant Antoni,361,13,2
2024-01-01,2,Eixample,10,Sant Antoni,84,14,1
2024-01-01,2,Eixample,10,Sant Antoni,93,14,2
2024-01-01,2,Eixample,10,Sant Antoni,386,15,1
2024-01-01,2,Eixample,10,Sant Antoni,248,15,2
2024-01-01,2,Eixample,10,Sant Antoni,224,16,1
2024-01-01,2,Eixample,10,Sant Antoni,306,16,2
2024-01-01,2,Eixample,10,Sant Antoni,15825,17,1
2024-01-01,2,Eixample,10,Sant Antoni,14159,17,2
2024-01-01,2,Eixample,10,Sant Antoni,531,18,1
2024-01-01,2,Eixample,10,Sant Antoni,586,18,2
2024-01-01,2,Eixample,10,Sant Antoni,11,19,1
2024-01-01,2,Eixample,10,Sant Antoni,11,19,2
2024-01-01,2,Eixample,10,Sant Antoni,9,23,1
2024-01-01,2,Eixample,10,Sant Antoni,..,23,2
2024-01-01,3,Sants-Montjuïc,11,el Poble-sec,8,1,1
2024-01-01,3,Sants-Montjuïc,11,el Poble-sec,12,1,2
2024-01-01,3,Sants-Montjuïc,11,el Poble-sec,..,2,1
2024-01-01,3,Sants-Montjuïc,11,el Poble-sec,7,2,2
2024-01-01,3,Sants-Montjuïc,11,el Poble-sec,279,3,1
2024-01-01,3,Sants-Montjuïc,11,el Poble-sec,515,3,2
2024-01-01,3,Sants-Montjuïc,11,el Poble-sec,..,4,1
2024-01-01,3,Sants-Montjuïc,11,el Poble-sec,..,4,2
2024-01-01,3,Sants-Montjuïc,11,el Poble-sec,33,5,1
2024-01-01,3,Sants-Montjuïc,11,el Poble-sec,91,5,2
2024-01-01,3,Sants-Montjuïc,11,el Poble-sec,198,6,1
2024-01-01,3,Sants-Montjuïc,11,el Poble-sec,264,6,2
2024-01-01,3,Sants-Montjuïc,11,el Poble-sec,289,7,1
2024-01-01,3,Sants-Montjuïc,11,el Poble-sec,180,7,2
2024-01-01,3,Sants-Montjuïc,11,el Poble-sec,1397,8,1
2024-01-01,3,Sants-Montjuïc,11,el Poble-sec,1301,8,2
2024-01-01,3,Sants-Montjuïc,11,el Poble-sec,127,9,1
2024-01-01,3,Sants-Montjuïc,11,el Poble-sec,112,9,2
2024-01-01,3,Sants-Montjuïc,11,el Poble-sec,7,10,1
2024-01-01,3,Sants-Montjuïc,11,el Poble-sec,8,10,2
2024-01-01,3,Sants-Montjuïc,11,el Poble-sec,270,11,1
2024-01-01,3,Sants-Montjuïc,11,el Poble-sec,204,11,2
2024-01-01,3,Sants-Montjuïc,11,el Poble-sec,834,12,1
2024-01-01,3,Sants-Montjuïc,11,el Poble-sec,1267,12,2
2024-01-01,3,Sants-Montjuïc,11,el Poble-sec,611,13,1
2024-01-01,3,Sants-Montjuïc,11,el Poble-sec,451,13,2
2024-01-01,3,Sants-Montjuïc,11,el Poble-sec,81,14,1
2024-01-01,3,Sants-Montjuïc,11,el Poble-sec,107,14,2
2024-01-01,3,Sants-Montjuïc,11,el Poble-sec,438,15,1
2024-01-01,3,Sants-Montjuïc,11,el Poble-sec,376,15,2
2024-01-01,3,Sants-Montjuïc,11,el Poble-sec,342,16,1
2024-01-01,3,Sants-Montjuïc,11,el Poble-sec,384,16,2
2024-01-01,3,Sants-Montjuïc,11,el Poble-sec,14223,17,1
2024-01-01,3,Sants-Montjuïc,11,el Poble-sec,13201,17,2
2024-01-01,3,Sants-Montjuïc,11,el Poble-sec,734,18,1
2024-01-01,3,Sants-Montjuïc,11,el Poble-sec,767,18,2
2024-01-01,3,Sants-Montjuïc,11,el Poble-sec,20,19,1
2024-01-01,3,Sants-Montjuïc,11,el Poble-sec,19,19,2
2024-01-01,3,Sants-Montjuïc,11,el Poble-sec,..,21,2
2024-01-01,3,Sants-Montjuïc,11,el Poble-sec,..,23,1
2024-01-01,3,Sants-Montjuïc,11,el Poble-sec,5,23,2
2024-01-01,3,Sants-Montjuïc,12,la Marina del Prat Vermell,..,2,1
2024-01-01,3,Sants-Montjuïc,12,la Marina del Prat Vermell,..,2,2
2024-01-01,3,Sants-Montjuïc,12,la Marina del Prat Vermell,11,3,1
2024-01-01,3,Sants-Montjuïc,12,la Marina del Prat Vermell,19,3,2
2024-01-01,3,Sants-Montjuïc,12,la Marina del Prat Vermell,..,4,1
2024-01-01,3,Sants-Montjuïc,12,la Marina del Prat Vermell,..,4,2
2024-01-01,3,Sants-Montjuïc,12,la Marina del Prat Vermell,5,5,1
2024-01-01,3,Sants-Montjuïc,12,la Marina del Prat Vermell,5,5,2
2024-01-01,3,Sants-Montjuïc,12,la Marina del Prat Vermell,..,6,1
2024-01-01,3,Sants-Montjuïc,12,la Marina del Prat Vermell,7,6,2
2024-01-01,3,Sants-Montjuïc,12,la Marina del Prat Vermell,14,7,1
2024-01-01,3,Sants-Montjuïc,12,la Marina del Prat Vermell,6,7,2
2024-01-01,3,Sants-Montjuïc,12,la Marina del Prat Vermell,80,8,1
2024-01-01,3,Sants-Montjuïc,12,la Marina del Prat Vermell,62,8,2
2024-01-01,3,Sants-Montjuïc,12,la Marina del Prat Vermell,..,9,1
2024-01-01,3,Sants-Montjuïc,12,la Marina del Prat Vermell,..,9,2
2024-01-01,3,Sants-Montjuïc,12,la Marina del Prat Vermell,21,11,1
2024-01-01,3,Sants-Montjuïc,12,la Marina del Prat Vermell,16,11,2
2024-01-01,3,Sants-Montjuïc,12,la Marina del Prat Vermell,9,12,1
2024-01-01,3,Sants-Montjuïc,12,la Marina del Prat Vermell,12,12,2
2024-01-01,3,Sants-Montjuïc,12,la Marina del Prat Vermell,..,13,1
2024-01-01,3,Sants-Montjuïc,12,la Marina del Prat Vermell,..,13,2
2024-01-01,3,Sants-Montjuïc,12,la Marina del Prat Vermell,11,14,1
2024-01-01,3,Sants-Montjuïc,12,la Marina del Prat Vermell,..,14,2
2024-01-01,3,Sants-Montjuïc,12,la Marina del Prat Vermell,37,15,1
2024-01-01,3,Sants-Montjuïc,12,la Marina del Prat Vermell,34,15,2
2024-01-01,3,Sants-Montjuïc,12,la Marina del Prat Vermell,..,16,1
2024-01-01,3,Sants-Montjuïc,12,la Marina del Prat Vermell,..,16,2
2024-01-01,3,Sants-Montjuïc,12,la Marina del Prat Vermell,772,17,1
2024-01-01,3,Sants-Montjuïc,12,la Marina del Prat Vermell,803,17,2
2024-01-01,3,Sants-Montjuïc,12,la Marina del Prat Vermell,13,18,1
2024-01-01,3,Sants-Montjuïc,12,la Marina del Prat Vermell,19,18,2
2024-01-01,3,Sants-Montjuïc,13,la Marina de Port,..,1,1
2024-01-01,3,Sants-Montjuïc,13,la Marina de Port,..,1,2
2024-01-01,3,Sants-Montjuïc,13,la Marina de Port,9,2,1
2024-01-01,3,Sants-Montjuïc,13,la Marina de Port,..,2,2
2024-01-01,3,Sants-Montjuïc,13,la Marina de Port,161,3,1
2024-01-01,3,Sants-Montjuïc,13,la Marina de Port,231,3,2
2024-01-01,3,Sants-Montjuïc,13,la Marina de Port,..,4,1
2024-01-01,3,Sants-Montjuïc,13,la Marina de Port,..,4,2
2024-01-01,3,Sants-Montjuïc,13,la Marina de Port,13,5,1
2024-01-01,3,Sants-Montjuïc,13,la Marina de Port,48,5,2
2024-01-01,3,Sants-Montjuïc,13,la Marina de Port,78,6,1
2024-01-01,3,Sants-Montjuïc,13,la Marina de Port,92,6,2
2024-01-01,3,Sants-Montjuïc,13,la Marina de Port,270,7,1
2024-01-01,3,Sants-Montjuïc,13,la Marina de Port,162,7,2
2024-01-01,3,Sants-Montjuïc,13,la Marina de Port,983,8,1
2024-01-01,3,Sants-Montjuïc,13,la Marina de Port,939,8,2
2024-01-01,3,Sants-Montjuïc,13,la Marina de Port,12,9,1
2024-01-01,3,Sants-Montjuïc,13,la Marina de Port,10,9,2
2024-01-01,3,Sants-Montjuïc,13,la Marina de Port,507,11,1
2024-01-01,3,Sants-Montjuïc,13,la Marina de Port,423,11,2
2024-01-01,3,Sants-Montjuïc,13,la Marina de Port,197,12,1
2024-01-01,3,Sants-Montjuïc,13,la Marina de Port,255,12,2
2024-01-01,3,Sants-Montjuïc,13,la Marina de Port,201,13,1
2024-01-01,3,Sants-Montjuïc,13,la Marina de Port,171,13,2
2024-01-01,3,Sants-Montjuïc,13,la Marina de Port,58,14,1
2024-01-01,3,Sants-Montjuïc,13,la Marina de Port,53,14,2
2024-01-01,3,Sants-Montjuïc,13,la Marina de Port,319,15,1
2024-01-01,3,Sants-Montjuïc,13,la Marina de Port,219,15,2
2024-01-01,3,Sants-Montjuïc,13,la Marina de Port,34,16,1
2024-01-01,3,Sants-Montjuïc,13,la Marina de Port,37,16,2
2024-01-01,3,Sants-Montjuïc,13,la Marina de Port,13234,17,1
2024-01-01,3,Sants-Montjuïc,13,la Marina de Port,12075,17,2
2024-01-01,3,Sants-Montjuïc,13,la Marina de Port,84,18,1
2024-01-01,3,Sants-Montjuïc,13,la Marina de Port,73,18,2
2024-01-01,3,Sants-Montjuïc,13,la Marina de Port,..,19,1
2024-01-01,3,Sants-Montjuïc,13,la Marina de Port,..,19,2
2024-01-01,3,Sants-Montjuïc,13,la Marina de Port,..,23,2
2024-01-01,3,Sants-Montjuïc,14,la Font de la Guatlla,..,1,1
2024-01-01,3,Sants-Montjuïc,14,la Font de la Guatlla,..,1,2
2024-01-01,3,Sants-Montjuïc,14,la Font de la Guatlla,..,2,1
2024-01-01,3,Sants-Montjuïc,14,la Font de la Guatlla,..,2,2
2024-01-01,3,Sants-Montjuïc,14,la Font de la Guatlla,31,3,1
2024-01-01,3,Sants-Montjuïc,14,la Font de la Guatlla,188,3,2
2024-01-01,3,Sants-Montjuïc,14,la Font de la Guatlla,..,4,2
2024-01-01,3,Sants-Montjuïc,14,la Font de la Guatlla,..,5,1
2024-01-01,3,Sants-Montjuïc,14,la Font de la Guatlla,199,5,2
2024-01-01,3,Sants-Montjuïc,14,la Font de la Guatlla,22,6,1
2024-01-01,3,Sants-Montjuïc,14,la Font de la Guatlla,33,6,2
2024-01-01,3,Sants-Montjuïc,14,la Font de la Guatlla,60,7,1
2024-01-01,3,Sants-Montjuïc,14,la Font de la Guatlla,41,7,2
2024-01-01,3,Sants-Montjuïc,14,la Font de la Guatlla,424,8,1
2024-01-01,3,Sants-Montjuïc,14,la Font de la Guatlla,349,8,2
2024-01-01,3,Sants-Montjuïc,14,la Font de la Guatlla,14,9,1
2024-01-01,3,Sants-Montjuïc,14,la Font de la Guatlla,9,9,2
2024-01-01,3,Sants-Montjuïc,14,la Font de la Guatlla,..,10,1
2024-01-01,3,Sants-Montjuïc,14,la Font de la Guatlla,..,10,2
2024-01-01,3,Sants-Montjuïc,14,la Font de la Guatlla,120,11,1
2024-01-01,3,Sants-Montjuïc,14,la Font de la Guatlla,92,11,2
2024-01-01,3,Sants-Montjuïc,14,la Font de la Guatlla,81,12,1
2024-01-01,3,Sants-Montjuïc,14,la Font de la Guatlla,134,12,2
2024-01-01,3,Sants-Montjuïc,14,la Font de la Guatlla,40,13,1
2024-01-01,3,Sants-Montjuïc,14,la Font de la Guatlla,17,13,2
2024-01-01,3,Sants-Montjuïc,14,la Font de la Guatlla,32,14,1
2024-01-01,3,Sants-Montjuïc,14,la Font de la Guatlla,31,14,2
2024-01-01,3,Sants-Montjuïc,14,la Font de la Guatlla,140,15,1
2024-01-01,3,Sants-Montjuïc,14,la Font de la Guatlla,93,15,2
2024-01-01,3,Sants-Montjuïc,14,la Font de la Guatlla,28,16,1
2024-01-01,3,Sants-Montjuïc,14,la Font de la Guatlla,24,16,2
2024-01-01,3,Sants-Montjuïc,14,la Font de la Guatlla,4363,17,1
2024-01-01,3,Sants-Montjuïc,14,la Font de la Guatlla,3938,17,2
2024-01-01,3,Sants-Montjuïc,14,la Font de la Guatlla,77,18,1
2024-01-01,3,Sants-Montjuïc,14,la Font de la Guatlla,99,18,2
2024-01-01,3,Sants-Montjuïc,14,la Font de la Guatlla,..,19,2
2024-01-01,3,Sants-Montjuïc,14,la Font de la Guatlla,..,23,1
2024-01-01,3,Sants-Montjuïc,14,la Font de la Guatlla,6,23,2
2024-01-01,3,Sants-Montjuïc,15,Hostafrancs,..,1,1
2024-01-01,3,Sants-Montjuïc,15,Hostafrancs,..,1,2
2024-01-01,3,Sants-Montjuïc,15,Hostafrancs,..,2,1
2024-01-01,3,Sants-Montjuïc,15,Hostafrancs,..,2,2
2024-01-01,3,Sants-Montjuïc,15,Hostafrancs,108,3,1
2024-01-01,3,Sants-Montjuïc,15,Hostafrancs,147,3,2
2024-01-01,3,Sants-Montjuïc,15,Hostafrancs,23,5,1
2024-01-01,3,Sants-Montjuïc,15,Hostafrancs,16,5,2
2024-01-01,3,Sants-Montjuïc,15,Hostafrancs,45,6,1
2024-01-01,3,Sants-Montjuïc,15,Hostafrancs,50,6,2
2024-01-01,3,Sants-Montjuïc,15,Hostafrancs,117,7,1
2024-01-01,3,Sants-Montjuïc,15,Hostafrancs,89,7,2
2024-01-01,3,Sants-Montjuïc,15,Hostafrancs,708,8,1
2024-01-01,3,Sants-Montjuïc,15,Hostafrancs,600,8,2
2024-01-01,3,Sants-Montjuïc,15,Hostafrancs,37,9,1
2024-01-01,3,Sants-Montjuïc,15,Hostafrancs,18,9,2
2024-01-01,3,Sants-Montjuïc,15,Hostafrancs,5,10,1
2024-01-01,3,Sants-Montjuïc,15,Hostafrancs,..,10,2
2024-01-01,3,Sants-Montjuïc,15,Hostafrancs,166,11,1
2024-01-01,3,Sants-Montjuïc,15,Hostafrancs,165,11,2
2024-01-01,3,Sants-Montjuïc,15,Hostafrancs,186,12,1
2024-01-01,3,Sants-Montjuïc,15,Hostafrancs,281,12,2
2024-01-01,3,Sants-Montjuïc,15,Hostafrancs,61,13,1
2024-01-01,3,Sants-Montjuïc,15,Hostafrancs,43,13,2
2024-01-01,3,Sants-Montjuïc,15,Hostafrancs,51,14,1
2024-01-01,3,Sants-Montjuïc,15,Hostafrancs,56,14,2
2024-01-01,3,Sants-Montjuïc,15,Hostafrancs,257,15,1
2024-01-01,3,Sants-Montjuïc,15,Hostafrancs,159,15,2
2024-01-01,3,Sants-Montjuïc,15,Hostafrancs,65,16,1
2024-01-01,3,Sants-Montjuïc,15,Hostafrancs,90,16,2
2024-01-01,3,Sants-Montjuïc,15,Hostafrancs,6466,17,1
2024-01-01,3,Sants-Montjuïc,15,Hostafrancs,5817,17,2
2024-01-01,3,Sants-Montjuïc,15,Hostafrancs,164,18,1
2024-01-01,3,Sants-Montjuïc,15,Hostafrancs,182,18,2
2024-01-01,3,Sants-Montjuïc,15,Hostafrancs,..,19,1
2024-01-01,3,Sants-Montjuïc,15,Hostafrancs,..,23,1
2024-01-01,3,Sants-Montjuïc,15,Hostafrancs,..,23,2
2024-01-01,3,Sants-Montjuïc,16,la Bordeta,7,1,1
2024-01-01,3,Sants-Montjuïc,16,la Bordeta,5,1,2
2024-01-01,3,Sants-Montjuïc,16,la Bordeta,..,2,1
2024-01-01,3,Sants-Montjuïc,16,la Bordeta,..,2,2
2024-01-01,3,Sants-Montjuïc,16,la Bordeta,68,3,1
2024-01-01,3,Sants-Montjuïc,16,la Bordeta,105,3,2
2024-01-01,3,Sants-Montjuïc,16,la Bordeta,15,5,1
2024-01-01,3,Sants-Montjuïc,16,la Bordeta,35,5,2
2024-01-01,3,Sants-Montjuïc,16,la Bordeta,47,6,1
2024-01-01,3,Sants-Montjuïc,16,la Bordeta,62,6,2
2024-01-01,3,Sants-Montjuïc,16,la Bordeta,124,7,1
2024-01-01,3,Sants-Montjuïc,16,la Bordeta,73,7,2
2024-01-01,3,Sants-Montjuïc,16,la Bordeta,613,8,1
2024-01-01,3,Sants-Montjuïc,16,la Bordeta,589,8,2
2024-01-01,3,Sants-Montjuïc,16,la Bordeta,23,9,1
2024-01-01,3,Sants-Montjuïc,16,la Bordeta,14,9,2
2024-01-01,3,Sants-Montjuïc,16,la Bordeta,12,10,1
2024-01-01,3,Sants-Montjuïc,16,la Bordeta,14,10,2
2024-01-01,3,Sants-Montjuïc,16,la Bordeta,196,11,1
2024-01-01,3,Sants-Montjuïc,16,la Bordeta,170,11,2
2024-01-01,3,Sants-Montjuïc,16,la Bordeta,121,12,1
2024-01-01,3,Sants-Montjuïc,16,la Bordeta,202,12,2
2024-01-01,3,Sants-Montjuïc,16,la Bordeta,52,13,1
2024-01-01,3,Sants-Montjuïc,16,la Bordeta,34,13,2
2024-01-01,3,Sants-Montjuïc,16,la Bordeta,20,14,1
2024-01-01,3,Sants-Montjuïc,16,la Bordeta,37,14,2
2024-01-01,3,Sants-Montjuïc,16,la Bordeta,377,15,1
2024-01-01,3,Sants-Montjuïc,16,la Bordeta,288,15,2
2024-01-01,3,Sants-Montjuïc,16,la Bordeta,36,16,1
2024-01-01,3,Sants-Montjuïc,16,la Bordeta,60,16,2
2024-01-01,3,Sants-Montjuïc,16,la Bordeta,8922,17,1
2024-01-01,3,Sants-Montjuïc,16,la Bordeta,7839,17,2
2024-01-01,3,Sants-Montjuïc,16,la Bordeta,100,18,1
2024-01-01,3,Sants-Montjuïc,16,la Bordeta,121,18,2
2024-01-01,3,Sants-Montjuïc,16,la Bordeta,..,19,1
2024-01-01,3,Sants-Montjuïc,16,la Bordeta,..,23,1
2024-01-01,3,Sants-Montjuïc,16,la Bordeta,..,23,2
2024-01-01,3,Sants-Montjuïc,17,Sants - Badal,..,1,1
2024-01-01,3,Sants-Montjuïc,17,Sants - Badal,..,1,2
2024-01-01,3,Sants-Montjuïc,17,Sants - Badal,6,2,1
2024-01-01,3,Sants-Montjuïc,17,Sants - Badal,7,2,2
2024-01-01,3,Sants-Montjuïc,17,Sants - Badal,86,3,1
2024-01-01,3,Sants-Montjuïc,17,Sants - Badal,148,3,2
2024-01-01,3,Sants-Montjuïc,17,Sants - Badal,..,4,2
2024-01-01,3,Sants-Montjuïc,17,Sants - Badal,13,5,1
2024-01-01,3,Sants-Montjuïc,17,Sants - Badal,29,5,2
2024-01-01,3,Sants-Montjuïc,17,Sants - Badal,122,6,1
2024-01-01,3,Sants-Montjuïc,17,Sants - Badal,117,6,2
2024-01-01,3,Sants-Montjuïc,17,Sants - Badal,265,7,1
2024-01-01,3,Sants-Montjuïc,17,Sants - Badal,175,7,2
2024-01-01,3,Sants-Montjuïc,17,Sants - Badal,1178,8,1
2024-01-01,3,Sants-Montjuïc,17,Sants - Badal,1017,8,2
2024-01-01,3,Sants-Montjuïc,17,Sants - Badal,29,9,1
2024-01-01,3,Sants-Montjuïc,17,Sants - Badal,26,9,2
2024-01-01,3,Sants-Montjuïc,17,Sants - Badal,6,10,1
2024-01-01,3,Sants-Montjuïc,17,Sants - Badal,7,10,2
2024-01-01,3,Sants-Montjuïc,17,Sants - Badal,235,11,1
2024-01-01,3,Sants-Montjuïc,17,Sants - Badal,180,11,2
2024-01-01,3,Sants-Montjuïc,17,Sants - Badal,154,12,1
2024-01-01,3,Sants-Montjuïc,17,Sants - Badal,301,12,2
2024-01-01,3,Sants-Montjuïc,17,Sants - Badal,113,13,1
2024-01-01,3,Sants-Montjuïc,17,Sants - Badal,64,13,2
2024-01-01,3,Sants-Montjuïc,17,Sants - Badal,71,14,1
2024-01-01,3,Sants-Montjuïc,17,Sants - Badal,70,14,2
2024-01-01,3,Sants-Montjuïc,17,Sants - Badal,240,15,1
2024-01-01,3,Sants-Montjuïc,17,Sants - Badal,140,15,2
2024-01-01,3,Sants-Montjuïc,17,Sants - Badal,50,16,1
2024-01-01,3,Sants-Montjuïc,17,Sants - Badal,61,16,2
2024-01-01,3,Sants-Montjuïc,17,Sants - Badal,10596,17,1
2024-01-01,3,Sants-Montjuïc,17,Sants - Badal,9154,17,2
2024-01-01,3,Sants-Montjuïc,17,Sants - Badal,121,18,1
2024-01-01,3,Sants-Montjuïc,17,Sants - Badal,136,18,2
2024-01-01,3,Sants-Montjuïc,17,Sants - Badal,..,19,2
2024-01-01,3,Sants-Montjuïc,17,Sants - Badal,..,20,2
2024-01-01,3,Sants-Montjuïc,17,Sants - Badal,..,23,1
2024-01-01,3,Sants-Montjuïc,17,Sants - Badal,..,23,2
2024-01-01,3,Sants-Montjuïc,18,Sants,13,1,1
2024-01-01,3,Sants-Montjuïc,18,Sants,18,1,2
2024-01-01,3,Sants-Montjuïc,18,Sants,11,2,1
2024-01-01,3,Sants-Montjuïc,18,Sants,9,2,2
2024-01-01,3,Sants-Montjuïc,18,Sants,262,3,1
2024-01-01,3,Sants-Montjuïc,18,Sants,690,3,2
2024-01-01,3,Sants-Montjuïc,18,Sants,..,4,1
2024-01-01,3,Sants-Montjuïc,18,Sants,..,4,2
2024-01-01,3,Sants-Montjuïc,18,Sants,30,5,1
2024-01-01,3,Sants-Montjuïc,18,Sants,140,5,2
2024-01-01,3,Sants-Montjuïc,18,Sants,109,6,1
2024-01-01,3,Sants-Montjuïc,18,Sants,128,6,2
2024-01-01,3,Sants-Montjuïc,18,Sants,708,7,1
2024-01-01,3,Sants-Montjuïc,18,Sants,395,7,2
2024-01-01,3,Sants-Montjuïc,18,Sants,2590,8,1
2024-01-01,3,Sants-Montjuïc,18,Sants,2309,8,2
2024-01-01,3,Sants-Montjuïc,18,Sants,65,9,1
2024-01-01,3,Sants-Montjuïc,18,Sants,60,9,2
2024-01-01,3,Sants-Montjuïc,18,Sants,5,10,1
2024-01-01,3,Sants-Montjuïc,18,Sants,..,10,2
2024-01-01,3,Sants-Montjuïc,18,Sants,301,11,1
2024-01-01,3,Sants-Montjuïc,18,Sants,264,11,2
2024-01-01,3,Sants-Montjuïc,18,Sants,385,12,1
2024-01-01,3,Sants-Montjuïc,18,Sants,1648,12,2
2024-01-01,3,Sants-Montjuïc,18,Sants,94,13,1
2024-01-01,3,Sants-Montjuïc,18,Sants,68,13,2
2024-01-01,3,Sants-Montjuïc,18,Sants,107,14,1
2024-01-01,3,Sants-Montjuïc,18,Sants,130,14,2
2024-01-01,3,Sants-Montjuïc,18,Sants,449,15,1
2024-01-01,3,Sants-Montjuïc,18,Sants,368,15,2
2024-01-01,3,Sants-Montjuïc,18,Sants,144,16,1
2024-01-01,3,Sants-Montjuïc,18,Sants,154,16,2
2024-01-01,3,Sants-Montjuïc,18,Sants,18591,17,1
2024-01-01,3,Sants-Montjuïc,18,Sants,16081,17,2
2024-01-01,3,Sants-Montjuïc,18,Sants,339,18,1
2024-01-01,3,Sants-Montjuïc,18,Sants,361,18,2
2024-01-01,3,Sants-Montjuïc,18,Sants,..,19,1
2024-01-01,3,Sants-Montjuïc,18,Sants,6,19,2
2024-01-01,3,Sants-Montjuïc,18,Sants,12,23,1
2024-01-01,3,Sants-Montjuïc,18,Sants,5,23,2
2024-01-01,4,Les Corts,19,les Corts,6,1,1
2024-01-01,4,Les Corts,19,les Corts,9,1,2
2024-01-01,4,Les Corts,19,les Corts,7,2,1
2024-01-01,4,Les Corts,19,les Corts,9,2,2
2024-01-01,4,Les Corts,19,les Corts,99,3,1
2024-01-01,4,Les Corts,19,les Corts,165,3,2
2024-01-01,4,Les Corts,19,les Corts,..,4,2
2024-01-01,4,Les Corts,19,les Corts,14,5,1
2024-01-01,4,Les Corts,19,les Corts,40,5,2
2024-01-01,4,Les Corts,19,les Corts,68,6,1
2024-01-01,4,Les Corts,19,les Corts,50,6,2
2024-01-01,4,Les Corts,19,les Corts,262,7,1
2024-01-01,4,Les Corts,19,les Corts,154,7,2
2024-01-01,4,Les Corts,19,les Corts,1409,8,1
2024-01-01,4,Les Corts,19,les Corts,1048,8,2
2024-01-01,4,Les Corts,19,les Corts,101,9,1
2024-01-01,4,Les Corts,19,les Corts,119,9,2
2024-01-01,4,Les Corts,19,les Corts,16,10,1
2024-01-01,4,Les Corts,19,les Corts,8,10,2
2024-01-01,4,Les Corts,19,les Corts,395,11,1
2024-01-01,4,Les Corts,19,les Corts,351,11,2
2024-01-01,4,Les Corts,19,les Corts,208,12,1
2024-01-01,4,Les Corts,19,les Corts,334,12,2
2024-01-01,4,Les Corts,19,les Corts,67,13,1
2024-01-01,4,Les Corts,19,les Corts,27,13,2
2024-01-01,4,Les Corts,19,les Corts,101,14,1
2024-01-01,4,Les Corts,19,les Corts,92,14,2
2024-01-01,4,Les Corts,19,les Corts,482,15,1
2024-01-01,4,Les Corts,19,les Corts,343,15,2
2024-01-01,4,Les Corts,19,les Corts,99,16,1
2024-01-01,4,Les Corts,19,les Corts,133,16,2
2024-01-01,4,Les Corts,19,les Corts,21375,17,1
2024-01-01,4,Les Corts,19,les Corts,18461,17,2
2024-01-01,4,Les Corts,19,les Corts,317,18,1
2024-01-01,4,Les Corts,19,les Corts,349,18,2
2024-01-01,4,Les Corts,19,les Corts,..,19,1
2024-01-01,4,Les Corts,19,les Corts,5,19,2
2024-01-01,4,Les Corts,19,les Corts,9,23,1
2024-01-01,4,Les Corts,19,les Corts,..,23,2
2024-01-01,4,Les Corts,20,la Maternitat i Sant Ramon,..,1,1
2024-01-01,4,Les Corts,20,la Maternitat i Sant Ramon,9,1,2
2024-01-01,4,Les Corts,20,la Maternitat i Sant Ramon,6,2,2
2024-01-01,4,Les Corts,20,la Maternitat i Sant Ramon,64,3,1
2024-01-01,4,Les Corts,20,la Maternitat i Sant Ramon,75,3,2
2024-01-01,4,Les Corts,20,la Maternitat i Sant Ramon,7,4,1
2024-01-01,4,Les Corts,20,la Maternitat i Sant Ramon,..,4,2
2024-01-01,4,Les Corts,20,la Maternitat i Sant Ramon,11,5,1
2024-01-01,4,Les Corts,20,la Maternitat i Sant Ramon,24,5,2
2024-01-01,4,Les Corts,20,la Maternitat i Sant Ramon,38,6,1
2024-01-01,4,Les Corts,20,la Maternitat i Sant Ramon,46,6,2
2024-01-01,4,Les Corts,20,la Maternitat i Sant Ramon,133,7,1
2024-01-01,4,Les Corts,20,la Maternitat i Sant Ramon,99,7,2
2024-01-01,4,Les Corts,20,la Maternitat i Sant Ramon,822,8,1
2024-01-01,4,Les Corts,20,la Maternitat i Sant Ramon,667,8,2
2024-01-01,4,Les Corts,20,la Maternitat i Sant Ramon,25,9,1
2024-01-01,4,Les Corts,20,la Maternitat i Sant Ramon,29,9,2
2024-01-01,4,Les Corts,20,la Maternitat i Sant Ramon,5,10,1
2024-01-01,4,Les Corts,20,la Maternitat i Sant Ramon,6,10,2
2024-01-01,4,Les Corts,20,la Maternitat i Sant Ramon,173,11,1
2024-01-01,4,Les Corts,20,la Maternitat i Sant Ramon,132,11,2
2024-01-01,4,Les Corts,20,la Maternitat i Sant Ramon,141,12,1
2024-01-01,4,Les Corts,20,la Maternitat i Sant Ramon,209,12,2
2024-01-01,4,Les Corts,20,la Maternitat i Sant Ramon,21,13,1
2024-01-01,4,Les Corts,20,la Maternitat i Sant Ramon,16,13,2
2024-01-01,4,Les Corts,20,la Maternitat i Sant Ramon,62,14,1
2024-01-01,4,Les Corts,20,la Maternitat i Sant Ramon,50,14,2
2024-01-01,4,Les Corts,20,la Maternitat i Sant Ramon,270,15,1
2024-01-01,4,Les Corts,20,la Maternitat i Sant Ramon,186,15,2
2024-01-01,4,Les Corts,20,la Maternitat i Sant Ramon,41,16,1
2024-01-01,4,Les Corts,20,la Maternitat i Sant Ramon,59,16,2
2024-01-01,4,Les Corts,20,la Maternitat i Sant Ramon,11007,17,1
2024-01-01,4,Les Corts,20,la Maternitat i Sant Ramon,9588,17,2
2024-01-01,4,Les Corts,20,la Maternitat i Sant Ramon,133,18,1
2024-01-01,4,Les Corts,20,la Maternitat i Sant Ramon,144,18,2
2024-01-01,4,Les Corts,20,la Maternitat i Sant Ramon,..,19,1
2024-01-01,4,Les Corts,20,la Maternitat i Sant Ramon,..,19,2
2024-01-01,4,Les Corts,20,la Maternitat i Sant Ramon,..,20,1
2024-01-01,4,Les Corts,20,la Maternitat i Sant Ramon,..,20,2
2024-01-01,4,Les Corts,20,la Maternitat i Sant Ramon,..,21,1
2024-01-01,4,Les Corts,20,la Maternitat i Sant Ramon,..,23,1
2024-01-01,4,Les Corts,20,la Maternitat i Sant Ramon,..,23,2
2024-01-01,4,Les Corts,21,Pedralbes,12,1,1
2024-01-01,4,Les Corts,21,Pedralbes,..,1,2
2024-01-01,4,Les Corts,21,Pedralbes,..,2,1
2024-01-01,4,Les Corts,21,Pedralbes,..,2,2
2024-01-01,4,Les Corts,21,Pedralbes,47,3,1
2024-01-01,4,Les Corts,21,Pedralbes,48,3,2
2024-01-01,4,Les Corts,21,Pedralbes,..,4,1
2024-01-01,4,Les Corts,21,Pedralbes,..,4,2
2024-01-01,4,Les Corts,21,Pedralbes,5,5,1
2024-01-01,4,Les Corts,21,Pedralbes,7,5,2
2024-01-01,4,Les Corts,21,Pedralbes,9,6,1
2024-01-01,4,Les Corts,21,Pedralbes,10,6,2
2024-01-01,4,Les Corts,21,Pedralbes,94,7,1
2024-01-01,4,Les Corts,21,Pedralbes,56,7,2
2024-01-01,4,Les Corts,21,Pedralbes,230,8,1
2024-01-01,4,Les Corts,21,Pedralbes,164,8,2
2024-01-01,4,Les Corts,21,Pedralbes,57,9,1
2024-01-01,4,Les Corts,21,Pedralbes,48,9,2
2024-01-01,4,Les Corts,21,Pedralbes,7,10,1
2024-01-01,4,Les Corts,21,Pedralbes,6,10,2
2024-01-01,4,Les Corts,21,Pedralbes,110,11,1
2024-01-01,4,Les Corts,21,Pedralbes,105,11,2
2024-01-01,4,Les Corts,21,Pedralbes,41,12,1
2024-01-01,4,Les Corts,21,Pedralbes,53,12,2
2024-01-01,4,Les Corts,21,Pedralbes,26,13,1
2024-01-01,4,Les Corts,21,Pedralbes,9,13,2
2024-01-01,4,Les Corts,21,Pedralbes,70,14,1
2024-01-01,4,Les Corts,21,Pedralbes,54,14,2
2024-01-01,4,Les Corts,21,Pedralbes,263,15,1
2024-01-01,4,Les Corts,21,Pedralbes,194,15,2
2024-01-01,4,Les Corts,21,Pedralbes,47,16,1
2024-01-01,4,Les Corts,21,Pedralbes,66,16,2
2024-01-01,4,Les Corts,21,Pedralbes,5368,17,1
2024-01-01,4,Les Corts,21,Pedralbes,4721,17,2
2024-01-01,4,Les Corts,21,Pedralbes,266,18,1
2024-01-01,4,Les Corts,21,Pedralbes,292,18,2
2024-01-01,4,Les Corts,21,Pedralbes,..,19,1
2024-01-01,4,Les Corts,21,Pedralbes,..,19,2
2024-01-01,5,Sarrià-Sant Gervasi,22,"Vallvidrera, el Tibidabo i les Planes",..,1,1
2024-01-01,5,Sarrià-Sant Gervasi,22,"Vallvidrera, el Tibidabo i les Planes",..,1,2
2024-01-01,5,Sarrià-Sant Gervasi,22,"Vallvidrera, el Tibidabo i les Planes",..,2,2
2024-01-01,5,Sarrià-Sant Gervasi,22,"Vallvidrera, el Tibidabo i les Planes",..,3,1
2024-01-01,5,Sarrià-Sant Gervasi,22,"Vallvidrera, el Tibidabo i les Planes",8,3,2
2024-01-01,5,Sarrià-Sant Gervasi,22,"Vallvidrera, el Tibidabo i les Planes",..,5,2
2024-01-01,5,Sarrià-Sant Gervasi,22,"Vallvidrera, el Tibidabo i les Planes",..,6,1
2024-01-01,5,Sarrià-Sant Gervasi,22,"Vallvidrera, el Tibidabo i les Planes",..,6,2
2024-01-01,5,Sarrià-Sant Gervasi,22,"Vallvidrera, el Tibidabo i les Planes",14,7,1
2024-01-01,5,Sarrià-Sant Gervasi,22,"Vallvidrera, el Tibidabo i les Planes",5,7,2
2024-01-01,5,Sarrià-Sant Gervasi,22,"Vallvidrera, el Tibidabo i les Planes",58,8,1
2024-01-01,5,Sarrià-Sant Gervasi,22,"Vallvidrera, el Tibidabo i les Planes",49,8,2
2024-01-01,5,Sarrià-Sant Gervasi,22,"Vallvidrera, el Tibidabo i les Planes",18,9,1
2024-01-01,5,Sarrià-Sant Gervasi,22,"Vallvidrera, el Tibidabo i les Planes",11,9,2
2024-01-01,5,Sarrià-Sant Gervasi,22,"Vallvidrera, el Tibidabo i les Planes",10,11,1
2024-01-01,5,Sarrià-Sant Gervasi,22,"Vallvidrera, el Tibidabo i les Planes",7,11,2
2024-01-01,5,Sarrià-Sant Gervasi,22,"Vallvidrera, el Tibidabo i les Planes",5,12,1
2024-01-01,5,Sarrià-Sant Gervasi,22,"Vallvidrera, el Tibidabo i les Planes",5,12,2
2024-01-01,5,Sarrià-Sant Gervasi,22,"Vallvidrera, el Tibidabo i les Planes",10,13,1
2024-01-01,5,Sarrià-Sant Gervasi,22,"Vallvidrera, el Tibidabo i les Planes",11,14,1
2024-01-01,5,Sarrià-Sant Gervasi,22,"Vallvidrera, el Tibidabo i les Planes",17,14,2
2024-01-01,5,Sarrià-Sant Gervasi,22,"Vallvidrera, el Tibidabo i les Planes",55,15,1
2024-01-01,5,Sarrià-Sant Gervasi,22,"Vallvidrera, el Tibidabo i les Planes",42,15,2
2024-01-01,5,Sarrià-Sant Gervasi,22,"Vallvidrera, el Tibidabo i les Planes",73,16,1
2024-01-01,5,Sarrià-Sant Gervasi,22,"Vallvidrera, el Tibidabo i les Planes",73,16,2
2024-01-01,5,Sarrià-Sant Gervasi,22,"Vallvidrera, el Tibidabo i les Planes",2088,17,1
2024-01-01,5,Sarrià-Sant Gervasi,22,"Vallvidrera, el Tibidabo i les Planes",2080,17,2
2024-01-01,5,Sarrià-Sant Gervasi,22,"Vallvidrera, el Tibidabo i les Planes",115,18,1
2024-01-01,5,Sarrià-Sant Gervasi,22,"Vallvidrera, el Tibidabo i les Planes",132,18,2
2024-01-01,5,Sarrià-Sant Gervasi,22,"Vallvidrera, el Tibidabo i les Planes",..,23,2
2024-01-01,5,Sarrià-Sant Gervasi,23,Sarrià,..,1,1
2024-01-01,5,Sarrià-Sant Gervasi,23,Sarrià,..,1,2
2024-01-01,5,Sarrià-Sant Gervasi,23,Sarrià,..,2,1
2024-01-01,5,Sarrià-Sant Gervasi,23,Sarrià,..,2,2
2024-01-01,5,Sarrià-Sant Gervasi,23,Sarrià,54,3,1
2024-01-01,5,Sarrià-Sant Gervasi,23,Sarrià,115,3,2
2024-01-01,5,Sarrià-Sant Gervasi,23,Sarrià,..,4,2
2024-01-01,5,Sarrià-Sant Gervasi,23,Sarrià,6,5,1
2024-01-01,5,Sarrià-Sant Gervasi,23,Sarrià,22,5,2
2024-01-01,5,Sarrià-Sant Gervasi,23,Sarrià,8,6,1
2024-01-01,5,Sarrià-Sant Gervasi,23,Sarrià,9,6,2
2024-01-01,5,Sarrià-Sant Gervasi,23,Sarrià,128,7,1
2024-01-01,5,Sarrià-Sant Gervasi,23,Sarrià,66,7,2
2024-01-01,5,Sarrià-Sant Gervasi,23,Sarrià,388,8,1
2024-01-01,5,Sarrià-Sant Gervasi,23,Sarrià,281,8,2
2024-01-01,5,Sarrià-Sant Gervasi,23,Sarrià,101,9,1
2024-01-01,5,Sarrià-Sant Gervasi,23,Sarrià,111,9,2
2024-01-01,5,Sarrià-Sant Gervasi,23,Sarrià,16,10,1
2024-01-01,5,Sarrià-Sant Gervasi,23,Sarrià,20,10,2
2024-01-01,5,Sarrià-Sant Gervasi,23,Sarrià,115,11,1
2024-01-01,5,Sarrià-Sant Gervasi,23,Sarrià,100,11,2
2024-01-01,5,Sarrià-Sant Gervasi,23,Sarrià,50,12,1
2024-01-01,5,Sarrià-Sant Gervasi,23,Sarrià,53,12,2
2024-01-01,5,Sarrià-Sant Gervasi,23,Sarrià,47,13,1
2024-01-01,5,Sarrià-Sant Gervasi,23,Sarrià,14,13,2
2024-01-01,5,Sarrià-Sant Gervasi,23,Sarrià,57,14,1
2024-01-01,5,Sarrià-Sant Gervasi,23,Sarrià,47,14,2
2024-01-01,5,Sarrià-Sant Gervasi,23,Sarrià,310,15,1
2024-01-01,5,Sarrià-Sant Gervasi,23,Sarrià,245,15,2
2024-01-01,5,Sarrià-Sant Gervasi,23,Sarrià,112,16,1
2024-01-01,5,Sarrià-Sant Gervasi,23,Sarrià,119,16,2
2024-01-01,5,Sarrià-Sant Gervasi,23,Sarrià,11561,17,1
2024-01-01,5,Sarrià-Sant Gervasi,23,Sarrià,9983,17,2
2024-01-01,5,Sarrià-Sant Gervasi,23,Sarrià,475,18,1
2024-01-01,5,Sarrià-Sant Gervasi,23,Sarrià,468,18,2
2024-01-01,5,Sarrià-Sant Gervasi,23,Sarrià,5,19,1
2024-01-01,5,Sarrià-Sant Gervasi,23,Sarrià,10,19,2
2024-01-01,5,Sarrià-Sant Gervasi,23,Sarrià,..,23,1
2024-01-01,5,Sarrià-Sant Gervasi,23,Sarrià,..,23,2
2024-01-01,5,Sarrià-Sant Gervasi,24,les Tres Torres,..,1,1
2024-01-01,5,Sarrià-Sant Gervasi,24,les Tres Torres,..,1,2
2024-01-01,5,Sarrià-Sant Gervasi,24,les Tres Torres,..,2,1
2024-01-01,5,Sarrià-Sant Gervasi,24,les Tres Torres,..,2,2
2024-01-01,5,Sarrià-Sant Gervasi,24,les Tres Torres,28,3,1
2024-01-01,5,Sarrià-Sant Gervasi,24,les Tres Torres,81,3,2
2024-01-01,5,Sarrià-Sant Gervasi,24,les Tres Torres,..,4,1
2024-01-01,5,Sarrià-Sant Gervasi,24,les Tres Torres,..,5,1
2024-01-01,5,Sarrià-Sant Gervasi,24,les Tres Torres,16,5,2
2024-01-01,5,Sarrià-Sant Gervasi,24,les Tres Torres,5,6,1
2024-01-01,5,Sarrià-Sant Gervasi,24,les Tres Torres,..,6,2
2024-01-01,5,Sarrià-Sant Gervasi,24,les Tres Torres,75,7,1
2024-01-01,5,Sarrià-Sant Gervasi,24,les Tres Torres,40,7,2
2024-01-01,5,Sarrià-Sant Gervasi,24,les Tres Torres,222,8,1
2024-01-01,5,Sarrià-Sant Gervasi,24,les Tres Torres,127,8,2
2024-01-01,5,Sarrià-Sant Gervasi,24,les Tres Torres,63,9,1
2024-01-01,5,Sarrià-Sant Gervasi,24,les Tres Torres,64,9,2
2024-01-01,5,Sarrià-Sant Gervasi,24,les Tres Torres,..,10,1
2024-01-01,5,Sarrià-Sant Gervasi,24,les Tres Torres,..,10,2
2024-01-01,5,Sarrià-Sant Gervasi,24,les Tres Torres,65,11,1
2024-01-01,5,Sarrià-Sant Gervasi,24,les Tres Torres,72,11,2
2024-01-01,5,Sarrià-Sant Gervasi,24,les Tres Torres,23,12,1
2024-01-01,5,Sarrià-Sant Gervasi,24,les Tres Torres,30,12,2
2024-01-01,5,Sarrià-Sant Gervasi,24,les Tres Torres,43,13,1
2024-01-01,5,Sarrià-Sant Gervasi,24,les Tres Torres,14,13,2
2024-01-01,5,Sarrià-Sant Gervasi,24,les Tres Torres,44,14,1
2024-01-01,5,Sarrià-Sant Gervasi,24,les Tres Torres,44,14,2
2024-01-01,5,Sarrià-Sant Gervasi,24,les Tres Torres,157,15,1
2024-01-01,5,Sarrià-Sant Gervasi,24,les Tres Torres,123,15,2
2024-01-01,5,Sarrià-Sant Gervasi,24,les Tres Torres,41,16,1
2024-01-01,5,Sarrià-Sant Gervasi,24,les Tres Torres,71,16,2
2024-01-01,5,Sarrià-Sant Gervasi,24,les Tres Torres,7702,17,1
2024-01-01,5,Sarrià-Sant Gervasi,24,les Tres Torres,6822,17,2
2024-01-01,5,Sarrià-Sant Gervasi,24,les Tres Torres,193,18,1
2024-01-01,5,Sarrià-Sant Gervasi,24,les Tres Torres,197,18,2
2024-01-01,5,Sarrià-Sant Gervasi,24,les Tres Torres,5,19,1
2024-01-01,5,Sarrià-Sant Gervasi,24,les Tres Torres,..,19,2
2024-01-01,5,Sarrià-Sant Gervasi,24,les Tres Torres,..,21,1
2024-01-01,5,Sarrià-Sant Gervasi,24,les Tres Torres,..,23,1
2024-01-01,5,Sarrià-Sant Gervasi,24,les Tres Torres,..,23,2
2024-01-01,5,Sarrià-Sant Gervasi,25,Sant Gervasi - la Bonanova,7,1,1
2024-01-01,5,Sarrià-Sant Gervasi,25,Sant Gervasi - la Bonanova,..,1,2
2024-01-01,5,Sarrià-Sant Gervasi,25,Sant Gervasi - la Bonanova,6,2,1
2024-01-01,5,Sarrià-Sant Gervasi,25,Sant Gervasi - la Bonanova,..,2,2
2024-01-01,5,Sarrià-Sant Gervasi,25,Sant Gervasi - la Bonanova,65,3,1
2024-01-01,5,Sarrià-Sant Gervasi,25,Sant Gervasi - la Bonanova,93,3,2
2024-01-01,5,Sarrià-Sant Gervasi,25,Sant Gervasi - la Bonanova,..,4,1
2024-01-01,5,Sarrià-Sant Gervasi,25,Sant Gervasi - la Bonanova,9,5,1
2024-01-01,5,Sarrià-Sant Gervasi,25,Sant Gervasi - la Bonanova,25,5,2
2024-01-01,5,Sarrià-Sant Gervasi,25,Sant Gervasi - la Bonanova,15,6,1
2024-01-01,5,Sarrià-Sant Gervasi,25,Sant Gervasi - la Bonanova,6,6,2
2024-01-01,5,Sarrià-Sant Gervasi,25,Sant Gervasi - la Bonanova,225,7,1
2024-01-01,5,Sarrià-Sant Gervasi,25,Sant Gervasi - la Bonanova,113,7,2
2024-01-01,5,Sarrià-Sant Gervasi,25,Sant Gervasi - la Bonanova,620,8,1
2024-01-01,5,Sarrià-Sant Gervasi,25,Sant Gervasi - la Bonanova,409,8,2
2024-01-01,5,Sarrià-Sant Gervasi,25,Sant Gervasi - la Bonanova,100,9,1
2024-01-01,5,Sarrià-Sant Gervasi,25,Sant Gervasi - la Bonanova,103,9,2
2024-01-01,5,Sarrià-Sant Gervasi,25,Sant Gervasi - la Bonanova,16,10,1
2024-01-01,5,Sarrià-Sant Gervasi,25,Sant Gervasi - la Bonanova,9,10,2
2024-01-01,5,Sarrià-Sant Gervasi,25,Sant Gervasi - la Bonanova,137,11,1
2024-01-01,5,Sarrià-Sant Gervasi,25,Sant Gervasi - la Bonanova,118,11,2
2024-01-01,5,Sarrià-Sant Gervasi,25,Sant Gervasi - la Bonanova,76,12,1
2024-01-01,5,Sarrià-Sant Gervasi,25,Sant Gervasi - la Bonanova,140,12,2
2024-01-01,5,Sarrià-Sant Gervasi,25,Sant Gervasi - la Bonanova,46,13,1
2024-01-01,5,Sarrià-Sant Gervasi,25,Sant Gervasi - la Bonanova,14,13,2
2024-01-01,5,Sarrià-Sant Gervasi,25,Sant Gervasi - la Bonanova,82,14,1
2024-01-01,5,Sarrià-Sant Gervasi,25,Sant Gervasi - la Bonanova,77,14,2
2024-01-01,5,Sarrià-Sant Gervasi,25,Sant Gervasi - la Bonanova,391,15,1
2024-01-01,5,Sarrià-Sant Gervasi,25,Sant Gervasi - la Bonanova,273,15,2
2024-01-01,5,Sarrià-Sant Gervasi,25,Sant Gervasi - la Bonanova,93,16,1
2024-01-01,5,Sarrià-Sant Gervasi,25,Sant Gervasi - la Bonanova,120,16,2
2024-01-01,5,Sarrià-Sant Gervasi,25,Sant Gervasi - la Bonanova,12319,17,1
2024-01-01,5,Sarrià-Sant Gervasi,25,Sant Gervasi - la Bonanova,10386,17,2
2024-01-01,5,Sarrià-Sant Gervasi,25,Sant Gervasi - la Bonanova,318,18,1
2024-01-01,5,Sarrià-Sant Gervasi,25,Sant Gervasi - la Bonanova,314,18,2
2024-01-01,5,Sarrià-Sant Gervasi,25,Sant Gervasi - la Bonanova,6,19,1
2024-01-01,5,Sarrià-Sant Gervasi,25,Sant Gervasi - la Bonanova,13,19,2
2024-01-01,5,Sarrià-Sant Gervasi,25,Sant Gervasi - la Bonanova,..,23,1
2024-01-01,5,Sarrià-Sant Gervasi,26,Sant Gervasi - Galvany,7,1,1
2024-01-01,5,Sarrià-Sant Gervasi,26,Sant Gervasi - Galvany,6,1,2
2024-01-01,5,Sarrià-Sant Gervasi,26,Sant Gervasi - Galvany,5,2,1
2024-01-01,5,Sarrià-Sant Gervasi,26,Sant Gervasi - Galvany,5,2,2
2024-01-01,5,Sarrià-Sant Gervasi,26,Sant Gervasi - Galvany,92,3,1
2024-01-01,5,Sarrià-Sant Gervasi,26,Sant Gervasi - Galvany,111,3,2
2024-01-01,5,Sarrià-Sant Gervasi,26,Sant Gervasi - Galvany,5,4,1
2024-01-01,5,Sarrià-Sant Gervasi,26,Sant Gervasi - Galvany,5,4,2
2024-01-01,5,Sarrià-Sant Gervasi,26,Sant Gervasi - Galvany,9,5,1
2024-01-01,5,Sarrià-Sant Gervasi,26,Sant Gervasi - Galvany,20,5,2
2024-01-01,5,Sarrià-Sant Gervasi,26,Sant Gervasi - Galvany,48,6,1
2024-01-01,5,Sarrià-Sant Gervasi,26,Sant Gervasi - Galvany,30,6,2
2024-01-01,5,Sarrià-Sant Gervasi,26,Sant Gervasi - Galvany,295,7,1
2024-01-01,5,Sarrià-Sant Gervasi,26,Sant Gervasi - Galvany,170,7,2
2024-01-01,5,Sarrià-Sant Gervasi,26,Sant Gervasi - Galvany,1015,8,1
2024-01-01,5,Sarrià-Sant Gervasi,26,Sant Gervasi - Galvany,676,8,2
2024-01-01,5,Sarrià-Sant Gervasi,26,Sant Gervasi - Galvany,332,9,1
2024-01-01,5,Sarrià-Sant Gervasi,26,Sant Gervasi - Galvany,285,9,2
2024-01-01,5,Sarrià-Sant Gervasi,26,Sant Gervasi - Galvany,22,10,1
2024-01-01,5,Sarrià-Sant Gervasi,26,Sant Gervasi - Galvany,13,10,2
2024-01-01,5,Sarrià-Sant Gervasi,26,Sant Gervasi - Galvany,195,11,1
2024-01-01,5,Sarrià-Sant Gervasi,26,Sant Gervasi - Galvany,137,11,2
2024-01-01,5,Sarrià-Sant Gervasi,26,Sant Gervasi - Galvany,73,12,1
2024-01-01,5,Sarrià-Sant Gervasi,26,Sant Gervasi - Galvany,122,12,2
2024-01-01,5,Sarrià-Sant Gervasi,26,Sant Gervasi - Galvany,132,13,1
2024-01-01,5,Sarrià-Sant Gervasi,26,Sant Gervasi - Galvany,58,13,2
2024-01-01,5,Sarrià-Sant Gervasi,26,Sant Gervasi - Galvany,190,14,1
2024-01-01,5,Sarrià-Sant Gervasi,26,Sant Gervasi - Galvany,197,14,2
2024-01-01,5,Sarrià-Sant Gervasi,26,Sant Gervasi - Galvany,716,15,1
2024-01-01,5,Sarrià-Sant Gervasi,26,Sant Gervasi - Galvany,457,15,2
2024-01-01,5,Sarrià-Sant Gervasi,26,Sant Gervasi - Galvany,243,16,1
2024-01-01,5,Sarrià-Sant Gervasi,26,Sant Gervasi - Galvany,286,16,2
2024-01-01,5,Sarrià-Sant Gervasi,26,Sant Gervasi - Galvany,22297,17,1
2024-01-01,5,Sarrià-Sant Gervasi,26,Sant Gervasi - Galvany,18689,17,2
2024-01-01,5,Sarrià-Sant Gervasi,26,Sant Gervasi - Galvany,715,18,1
2024-01-01,5,Sarrià-Sant Gervasi,26,Sant Gervasi - Galvany,707,18,2
2024-01-01,5,Sarrià-Sant Gervasi,26,Sant Gervasi - Galvany,9,19,1
2024-01-01,5,Sarrià-Sant Gervasi,26,Sant Gervasi - Galvany,7,19,2
2024-01-01,5,Sarrià-Sant Gervasi,26,Sant Gervasi - Galvany,..,20,1
2024-01-01,5,Sarrià-Sant Gervasi,26,Sant Gervasi - Galvany,..,20,2
2024-01-01,5,Sarrià-Sant Gervasi,26,Sant Gervasi - Galvany,7,23,1
2024-01-01,5,Sarrià-Sant Gervasi,26,Sant Gervasi - Galvany,7,23,2
2024-01-01,5,Sarrià-Sant Gervasi,27,el Putxet i el Farró,..,1,1
2024-01-01,5,Sarrià-Sant Gervasi,27,el Putxet i el Farró,..,1,2
2024-01-01,5,Sarrià-Sant Gervasi,27,el Putxet i el Farró,..,2,1
2024-01-01,5,Sarrià-Sant Gervasi,27,el Putxet i el Farró,..,2,2
2024-01-01,5,Sarrià-Sant Gervasi,27,el Putxet i el Farró,46,3,1
2024-01-01,5,Sarrià-Sant Gervasi,27,el Putxet i el Farró,105,3,2
2024-01-01,5,Sarrià-Sant Gervasi,27,el Putxet i el Farró,5,4,1
2024-01-01,5,Sarrià-Sant Gervasi,27,el Putxet i el Farró,7,4,2
2024-01-01,5,Sarrià-Sant Gervasi,27,el Putxet i el Farró,8,5,1
2024-01-01,5,Sarrià-Sant Gervasi,27,el Putxet i el Farró,39,5,2
2024-01-01,5,Sarrià-Sant Gervasi,27,el Putxet i el Farró,41,6,1
2024-01-01,5,Sarrià-Sant Gervasi,27,el Putxet i el Farró,25,6,2
2024-01-01,5,Sarrià-Sant Gervasi,27,el Putxet i el Farró,155,7,1
2024-01-01,5,Sarrià-Sant Gervasi,27,el Putxet i el Farró,97,7,2
2024-01-01,5,Sarrià-Sant Gervasi,27,el Putxet i el Farró,815,8,1
2024-01-01,5,Sarrià-Sant Gervasi,27,el Putxet i el Farró,588,8,2
2024-01-01,5,Sarrià-Sant Gervasi,27,el Putxet i el Farró,106,9,1
2024-01-01,5,Sarrià-Sant Gervasi,27,el Putxet i el Farró,81,9,2
2024-01-01,5,Sarrià-Sant Gervasi,27,el Putxet i el Farró,5,10,1
2024-01-01,5,Sarrià-Sant Gervasi,27,el Putxet i el Farró,5,10,2
2024-01-01,5,Sarrià-Sant Gervasi,27,el Putxet i el Farró,170,11,1
2024-01-01,5,Sarrià-Sant Gervasi,27,el Putxet i el Farró,131,11,2
2024-01-01,5,Sarrià-Sant Gervasi,27,el Putxet i el Farró,84,12,1
2024-01-01,5,Sarrià-Sant Gervasi,27,el Putxet i el Farró,113,12,2
2024-01-01,5,Sarrià-Sant Gervasi,27,el Putxet i el Farró,55,13,1
2024-01-01,5,Sarrià-Sant Gervasi,27,el Putxet i el Farró,23,13,2
2024-01-01,5,Sarrià-Sant Gervasi,27,el Putxet i el Farró,69,14,1
2024-01-01,5,Sarrià-Sant Gervasi,27,el Putxet i el Farró,63,14,2
2024-01-01,5,Sarrià-Sant Gervasi,27,el Putxet i el Farró,385,15,1
2024-01-01,5,Sarrià-Sant Gervasi,27,el Putxet i el Farró,243,15,2
2024-01-01,5,Sarrià-Sant Gervasi,27,el Putxet i el Farró,164,16,1
2024-01-01,5,Sarrià-Sant Gervasi,27,el Putxet i el Farró,175,16,2
2024-01-01,5,Sarrià-Sant Gervasi,27,el Putxet i el Farró,13932,17,1
2024-01-01,5,Sarrià-Sant Gervasi,27,el Putxet i el Farró,11745,17,2
2024-01-01,5,Sarrià-Sant Gervasi,27,el Putxet i el Farró,432,18,1
2024-01-01,5,Sarrià-Sant Gervasi,27,el Putxet i el Farró,385,18,2
2024-01-01,5,Sarrià-Sant Gervasi,27,el Putxet i el Farró,11,19,1
2024-01-01,5,Sarrià-Sant Gervasi,27,el Putxet i el Farró,9,19,2
2024-01-01,5,Sarrià-Sant Gervasi,27,el Putxet i el Farró,..,23,1
2024-01-01,5,Sarrià-Sant Gervasi,27,el Putxet i el Farró,..,23,2
2024-01-01,6,Gràcia,28,Vallcarca i els Penitents,..,2,1
2024-01-01,6,Gràcia,28,Vallcarca i els Penitents,..,2,2
2024-01-01,6,Gràcia,28,Vallcarca i els Penitents,32,3,1
2024-01-01,6,Gràcia,28,Vallcarca i els Penitents,57,3,2
2024-01-01,6,Gràcia,28,Vallcarca i els Penitents,..,4,1
2024-01-01,6,Gràcia,28,Vallcarca i els Penitents,13,5,1
2024-01-01,6,Gràcia,28,Vallcarca i els Penitents,22,5,2
2024-01-01,6,Gràcia,28,Vallcarca i els Penitents,22,6,1
2024-01-01,6,Gràcia,28,Vallcarca i els Penitents,22,6,2
2024-01-01,6,Gràcia,28,Vallcarca i els Penitents,109,7,1
2024-01-01,6,Gràcia,28,Vallcarca i els Penitents,53,7,2
2024-01-01,6,Gràcia,28,Vallcarca i els Penitents,498,8,1
2024-01-01,6,Gràcia,28,Vallcarca i els Penitents,410,8,2
2024-01-01,6,Gràcia,28,Vallcarca i els Penitents,31,9,1
2024-01-01,6,Gràcia,28,Vallcarca i els Penitents,34,9,2
2024-01-01,6,Gràcia,28,Vallcarca i els Penitents,..,10,1
2024-01-01,6,Gràcia,28,Vallcarca i els Penitents,..,10,2
2024-01-01,6,Gràcia,28,Vallcarca i els Penitents,67,11,1
2024-01-01,6,Gràcia,28,Vallcarca i els Penitents,60,11,2
2024-01-01,6,Gràcia,28,Vallcarca i els Penitents,71,12,1
2024-01-01,6,Gràcia,28,Vallcarca i els Penitents,126,12,2
2024-01-01,6,Gràcia,28,Vallcarca i els Penitents,13,13,1
2024-01-01,6,Gràcia,28,Vallcarca i els Penitents,..,13,2
2024-01-01,6,Gràcia,28,Vallcarca i els Penitents,45,14,1
2024-01-01,6,Gràcia,28,Vallcarca i els Penitents,37,14,2
2024-01-01,6,Gràcia,28,Vallcarca i els Penitents,260,15,1
2024-01-01,6,Gràcia,28,Vallcarca i els Penitents,200,15,2
2024-01-01,6,Gràcia,28,Vallcarca i els Penitents,68,16,1
2024-01-01,6,Gràcia,28,Vallcarca i els Penitents,101,16,2
2024-01-01,6,Gràcia,28,Vallcarca i els Penitents,7466,17,1
2024-01-01,6,Gràcia,28,Vallcarca i els Penitents,6504,17,2
2024-01-01,6,Gràcia,28,Vallcarca i els Penitents,167,18,1
2024-01-01,6,Gràcia,28,Vallcarca i els Penitents,171,18,2
2024-01-01,6,Gràcia,28,Vallcarca i els Penitents,..,19,1
2024-01-01,6,Gràcia,28,Vallcarca i els Penitents,..,19,2
2024-01-01,6,Gràcia,28,Vallcarca i els Penitents,..,23,2
2024-01-01,6,Gràcia,29,el Coll,..,1,2
2024-01-01,6,Gràcia,29,el Coll,..,2,1
2024-01-01,6,Gràcia,29,el Coll,..,2,2
2024-01-01,6,Gràcia,29,el Coll,32,3,1
2024-01-01,6,Gràcia,29,el Coll,29,3,2
2024-01-01,6,Gràcia,29,el Coll,..,4,1
2024-01-01,6,Gràcia,29,el Coll,8,5,1
2024-01-01,6,Gràcia,29,el Coll,19,5,2
2024-01-01,6,Gràcia,29,el Coll,12,6,1
2024-01-01,6,Gràcia,29,el Coll,14,6,2
2024-01-01,6,Gràcia,29,el Coll,94,7,1
2024-01-01,6,Gràcia,29,el Coll,59,7,2
2024-01-01,6,Gràcia,29,el Coll,312,8,1
2024-01-01,6,Gràcia,29,el Coll,261,8,2
2024-01-01,6,Gràcia,29,el Coll,8,9,1
2024-01-01,6,Gràcia,29,el Coll,13,9,2
2024-01-01,6,Gràcia,29,el Coll,..,10,1
2024-01-01,6,Gràcia,29,el Coll,18,11,1
2024-01-01,6,Gràcia,29,el Coll,8,11,2
2024-01-01,6,Gràcia,29,el Coll,31,12,1
2024-01-01,6,Gràcia,29,el Coll,58,12,2
2024-01-01,6,Gràcia,29,el Coll,28,13,1
2024-01-01,6,Gràcia,29,el Coll,17,13,2
2024-01-01,6,Gràcia,29,el Coll,16,14,1
2024-01-01,6,Gràcia,29,el Coll,16,14,2
2024-01-01,6,Gràcia,29,el Coll,158,15,1
2024-01-01,6,Gràcia,29,el Coll,91,15,2
2024-01-01,6,Gràcia,29,el Coll,31,16,1
2024-01-01,6,Gràcia,29,el Coll,32,16,2
2024-01-01,6,Gràcia,29,el Coll,3417,17,1
2024-01-01,6,Gràcia,29,el Coll,2998,17,2
2024-01-01,6,Gràcia,29,el Coll,78,18,1
2024-01-01,6,Gràcia,29,el Coll,69,18,2
2024-01-01,6,Gràcia,29,el Coll,..,19,1
2024-01-01,6,Gràcia,29,el Coll,..,19,2
2024-01-01,6,Gràcia,30,la Salut,..,1,1
2024-01-01,6,Gràcia,30,la Salut,..,1,2
2024-01-01,6,Gràcia,30,la Salut,..,2,1
2024-01-01,6,Gràcia,30,la Salut,..,2,2
2024-01-01,6,Gràcia,30,la Salut,31,3,1
2024-01-01,6,Gràcia,30,la Salut,82,3,2
2024-01-01,6,Gràcia,30,la Salut,..,4,1
2024-01-01,6,Gràcia,30,la Salut,..,4,2
2024-01-01,6,Gràcia,30,la Salut,5,5,1
2024-01-01,6,Gràcia,30,la Salut,30,5,2
2024-01-01,6,Gràcia,30,la Salut,23,6,1
2024-01-01,6,Gràcia,30,la Salut,24,6,2
2024-01-01,6,Gràcia,30,la Salut,91,7,1
2024-01-01,6,Gràcia,30,la Salut,58,7,2
2024-01-01,6,Gràcia,30,la Salut,420,8,1
2024-01-01,6,Gràcia,30,la Salut,314,8,2
2024-01-01,6,Gràcia,30,la Salut,27,9,1
2024-01-01,6,Gràcia,30,la Salut,21,9,2
2024-01-01,6,Gràcia,30,la Salut,7,10,1
2024-01-01,6,Gràcia,30,la Salut,5,10,2
2024-01-01,6,Gràcia,30,la Salut,61,11,1
2024-01-01,6,Gràcia,30,la Salut,45,11,2
2024-01-01,6,Gràcia,30,la Salut,48,12,1
2024-01-01,6,Gràcia,30,la Salut,71,12,2
2024-01-01,6,Gràcia,30,la Salut,11,13,1
2024-01-01,6,Gràcia,30,la Salut,11,13,2
2024-01-01,6,Gràcia,30,la Salut,33,14,1
2024-01-01,6,Gràcia,30,la Salut,38,14,2
2024-01-01,6,Gràcia,30,la Salut,146,15,1
2024-01-01,6,Gràcia,30,la Salut,108,15,2
2024-01-01,6,Gràcia,30,la Salut,58,16,1
2024-01-01,6,Gràcia,30,la Salut,65,16,2
2024-01-01,6,Gràcia,30,la Salut,6208,17,1
2024-01-01,6,Gràcia,30,la Salut,5337,17,2
2024-01-01,6,Gràcia,30,la Salut,138,18,1
2024-01-01,6,Gràcia,30,la Salut,144,18,2
2024-01-01,6,Gràcia,30,la Salut,..,19,1
2024-01-01,6,Gràcia,30,la Salut,..,19,2
2024-01-01,6,Gràcia,30,la Salut,..,23,2
2024-01-01,6,Gràcia,31,la Vila de Gràcia,14,1,1
2024-01-01,6,Gràcia,31,la Vila de Gràcia,17,1,2
2024-01-01,6,Gràcia,31,la Vila de Gràcia,10,2,1
2024-01-01,6,Gràcia,31,la Vila de Gràcia,11,2,2
2024-01-01,6,Gràcia,31,la Vila de Gràcia,148,3,1
2024-01-01,6,Gràcia,31,la Vila de Gràcia,303,3,2
2024-01-01,6,Gràcia,31,la Vila de Gràcia,7,4,1
2024-01-01,6,Gràcia,31,la Vila de Gràcia,10,4,2
2024-01-01,6,Gràcia,31,la Vila de Gràcia,20,5,1
2024-01-01,6,Gràcia,31,la Vila de Gràcia,47,5,2
2024-01-01,6,Gràcia,31,la Vila de Gràcia,79,6,1
2024-01-01,6,Gràcia,31,la Vila de Gràcia,61,6,2
2024-01-01,6,Gràcia,31,la Vila de Gràcia,367,7,1
2024-01-01,6,Gràcia,31,la Vila de Gràcia,235,7,2
2024-01-01,6,Gràcia,31,la Vila de Gràcia,1740,8,1
2024-01-01,6,Gràcia,31,la Vila de Gràcia,1327,8,2
2024-01-01,6,Gràcia,31,la Vila de Gràcia,341,9,1
2024-01-01,6,Gràcia,31,la Vila de Gràcia,271,9,2
2024-01-01,6,Gràcia,31,la Vila de Gràcia,24,10,1
2024-01-01,6,Gràcia,31,la Vila de Gràcia,10,10,2
2024-01-01,6,Gràcia,31,la Vila de Gràcia,302,11,1
2024-01-01,6,Gràcia,31,la Vila de Gràcia,244,11,2
2024-01-01,6,Gràcia,31,la Vila de Gràcia,209,12,1
2024-01-01,6,Gràcia,31,la Vila de Gràcia,333,12,2
2024-01-01,6,Gràcia,31,la Vila de Gràcia,74,13,1
2024-01-01,6,Gràcia,31,la Vila de Gràcia,41,13,2
2024-01-01,6,Gràcia,31,la Vila de Gràcia,193,14,1
2024-01-01,6,Gràcia,31,la Vila de Gràcia,176,14,2
2024-01-01,6,Gràcia,31,la Vila de Gràcia,628,15,1
2024-01-01,6,Gràcia,31,la Vila de Gràcia,338,15,2
2024-01-01,6,Gràcia,31,la Vila de Gràcia,494,16,1
2024-01-01,6,Gràcia,31,la Vila de Gràcia,514,16,2
2024-01-01,6,Gràcia,31,la Vila de Gràcia,21919,17,1
2024-01-01,6,Gràcia,31,la Vila de Gràcia,18239,17,2
2024-01-01,6,Gràcia,31,la Vila de Gràcia,1156,18,1
2024-01-01,6,Gràcia,31,la Vila de Gràcia,1097,18,2
2024-01-01,6,Gràcia,31,la Vila de Gràcia,31,19,1
2024-01-01,6,Gràcia,31,la Vila de Gràcia,28,19,2
2024-01-01,6,Gràcia,31,la Vila de Gràcia,10,23,1
2024-01-01,6,Gràcia,31,la Vila de Gràcia,7,23,2
2024-01-01,6,Gràcia,32,el Camp d'en Grassot i Gràcia Nova,7,1,1
2024-01-01,6,Gràcia,32,el Camp d'en Grassot i Gràcia Nova,9,1,2
2024-01-01,6,Gràcia,32,el Camp d'en Grassot i Gràcia Nova,5,2,1
2024-01-01,6,Gràcia,32,el Camp d'en Grassot i Gràcia Nova,7,2,2
2024-01-01,6,Gràcia,32,el Camp d'en Grassot i Gràcia Nova,83,3,1
2024-01-01,6,Gràcia,32,el Camp d'en Grassot i Gràcia Nova,179,3,2
2024-01-01,6,Gràcia,32,el Camp d'en Grassot i Gràcia Nova,..,4,1
2024-01-01,6,Gràcia,32,el Camp d'en Grassot i Gràcia Nova,..,4,2
2024-01-01,6,Gràcia,32,el Camp d'en Grassot i Gràcia Nova,9,5,1
2024-01-01,6,Gràcia,32,el Camp d'en Grassot i Gràcia Nova,30,5,2
2024-01-01,6,Gràcia,32,el Camp d'en Grassot i Gràcia Nova,47,6,1
2024-01-01,6,Gràcia,32,el Camp d'en Grassot i Gràcia Nova,43,6,2
2024-01-01,6,Gràcia,32,el Camp d'en Grassot i Gràcia Nova,299,7,1
2024-01-01,6,Gràcia,32,el Camp d'en Grassot i Gràcia Nova,166,7,2
2024-01-01,6,Gràcia,32,el Camp d'en Grassot i Gràcia Nova,1363,8,1
2024-01-01,6,Gràcia,32,el Camp d'en Grassot i Gràcia Nova,1077,8,2
2024-01-01,6,Gràcia,32,el Camp d'en Grassot i Gràcia Nova,99,9,1
2024-01-01,6,Gràcia,32,el Camp d'en Grassot i Gràcia Nova,76,9,2
2024-01-01,6,Gràcia,32,el Camp d'en Grassot i Gràcia Nova,6,10,1
2024-01-01,6,Gràcia,32,el Camp d'en Grassot i Gràcia Nova,235,11,1
2024-01-01,6,Gràcia,32,el Camp d'en Grassot i Gràcia Nova,170,11,2
2024-01-01,6,Gràcia,32,el Camp d'en Grassot i Gràcia Nova,160,12,1
2024-01-01,6,Gràcia,32,el Camp d'en Grassot i Gràcia Nova,459,12,2
2024-01-01,6,Gràcia,32,el Camp d'en Grassot i Gràcia Nova,28,13,1
2024-01-01,6,Gràcia,32,el Camp d'en Grassot i Gràcia Nova,23,13,2
2024-01-01,6,Gràcia,32,el Camp d'en Grassot i Gràcia Nova,122,14,1
2024-01-01,6,Gràcia,32,el Camp d'en Grassot i Gràcia Nova,139,14,2
2024-01-01,6,Gràcia,32,el Camp d'en Grassot i Gràcia Nova,435,15,1
2024-01-01,6,Gràcia,32,el Camp d'en Grassot i Gràcia Nova,283,15,2
2024-01-01,6,Gràcia,32,el Camp d'en Grassot i Gràcia Nova,187,16,1
2024-01-01,6,Gràcia,32,el Camp d'en Grassot i Gràcia Nova,193,16,2
2024-01-01,6,Gràcia,32,el Camp d'en Grassot i Gràcia Nova,16171,17,1
2024-01-01,6,Gràcia,32,el Camp d'en Grassot i Gràcia Nova,13505,17,2
2024-01-01,6,Gràcia,32,el Camp d'en Grassot i Gràcia Nova,370,18,1
2024-01-01,6,Gràcia,32,el Camp d'en Grassot i Gràcia Nova,404,18,2
2024-01-01,6,Gràcia,32,el Camp d'en Grassot i Gràcia Nova,..,19,1
2024-01-01,6,Gràcia,32,el Camp d'en Grassot i Gràcia Nova,6,19,2
2024-01-01,6,Gràcia,32,el Camp d'en Grassot i Gràcia Nova,..,20,2
2024-01-01,6,Gràcia,32,el Camp d'en Grassot i Gràcia Nova,5,23,1
2024-01-01,6,Gràcia,32,el Camp d'en Grassot i Gràcia Nova,..,23,2
2024-01-01,7,Horta-Guinardó,33,el Baix Guinardó,..,1,1
2024-01-01,7,Horta-Guinardó,33,el Baix Guinardó,..,1,2
2024-01-01,7,Horta-Guinardó,33,el Baix Guinardó,..,2,1
2024-01-01,7,Horta-Guinardó,33,el Baix Guinardó,6,2,2
2024-01-01,7,Horta-Guinardó,33,el Baix Guinardó,65,3,1
2024-01-01,7,Horta-Guinardó,33,el Baix Guinardó,118,3,2
2024-01-01,7,Horta-Guinardó,33,el Baix Guinardó,..,4,2
2024-01-01,7,Horta-Guinardó,33,el Baix Guinardó,13,5,1
2024-01-01,7,Horta-Guinardó,33,el Baix Guinardó,30,5,2
2024-01-01,7,Horta-Guinardó,33,el Baix Guinardó,40,6,1
2024-01-01,7,Horta-Guinardó,33,el Baix Guinardó,48,6,2
2024-01-01,7,Horta-Guinardó,33,el Baix Guinardó,186,7,1
2024-01-01,7,Horta-Guinardó,33,el Baix Guinardó,103,7,2
2024-01-01,7,Horta-Guinardó,33,el Baix Guinardó,1044,8,1
2024-01-01,7,Horta-Guinardó,33,el Baix Guinardó,875,8,2
2024-01-01,7,Horta-Guinardó,33,el Baix Guinardó,32,9,1
2024-01-01,7,Horta-Guinardó,33,el Baix Guinardó,19,9,2
2024-01-01,7,Horta-Guinardó,33,el Baix Guinardó,6,10,1
2024-01-01,7,Horta-Guinardó,33,el Baix Guinardó,..,10,2
2024-01-01,7,Horta-Guinardó,33,el Baix Guinardó,180,11,1
2024-01-01,7,Horta-Guinardó,33,el Baix Guinardó,129,11,2
2024-01-01,7,Horta-Guinardó,33,el Baix Guinardó,105,12,1
2024-01-01,7,Horta-Guinardó,33,el Baix Guinardó,171,12,2
2024-01-01,7,Horta-Guinardó,33,el Baix Guinardó,18,13,1
2024-01-01,7,Horta-Guinardó,33,el Baix Guinardó,8,13,2
2024-01-01,7,Horta-Guinardó,33,el Baix Guinardó,53,14,1
2024-01-01,7,Horta-Guinardó,33,el Baix Guinardó,53,14,2
2024-01-01,7,Horta-Guinardó,33,el Baix Guinardó,268,15,1
2024-01-01,7,Horta-Guinardó,33,el Baix Guinardó,148,15,2
2024-01-01,7,Horta-Guinardó,33,el Baix Guinardó,102,16,1
2024-01-01,7,Horta-Guinardó,33,el Baix Guinardó,116,16,2
2024-01-01,7,Horta-Guinardó,33,el Baix Guinardó,11902,17,1
2024-01-01,7,Horta-Guinardó,33,el Baix Guinardó,10059,17,2
2024-01-01,7,Horta-Guinardó,33,el Baix Guinardó,167,18,1
2024-01-01,7,Horta-Guinardó,33,el Baix Guinardó,199,18,2
2024-01-01,7,Horta-Guinardó,33,el Baix Guinardó,..,19,2
2024-01-01,7,Horta-Guinardó,33,el Baix Guinardó,..,23,1
2024-01-01,7,Horta-Guinardó,33,el Baix Guinardó,..,23,2
2024-01-01,7,Horta-Guinardó,34,Can Baró,..,1,1
2024-01-01,7,Horta-Guinardó,34,Can Baró,..,1,2
2024-01-01,7,Horta-Guinardó,34,Can Baró,..,2,1
2024-01-01,7,Horta-Guinardó,34,Can Baró,..,2,2
2024-01-01,7,Horta-Guinardó,34,Can Baró,31,3,1
2024-01-01,7,Horta-Guinardó,34,Can Baró,48,3,2
2024-01-01,7,Horta-Guinardó,34,Can Baró,7,5,1
2024-01-01,7,Horta-Guinardó,34,Can Baró,19,5,2
2024-01-01,7,Horta-Guinardó,34,Can Baró,16,6,1
2024-01-01,7,Horta-Guinardó,34,Can Baró,25,6,2
2024-01-01,7,Horta-Guinardó,34,Can Baró,89,7,1
2024-01-01,7,Horta-Guinardó,34,Can Baró,67,7,2
2024-01-01,7,Horta-Guinardó,34,Can Baró,308,8,1
2024-01-01,7,Horta-Guinardó,34,Can Baró,293,8,2
2024-01-01,7,Horta-Guinardó,34,Can Baró,5,9,1
2024-01-01,7,Horta-Guinardó,34,Can Baró,9,9,2
2024-01-01,7,Horta-Guinardó,34,Can Baró,6,10,1
2024-01-01,7,Horta-Guinardó,34,Can Baró,5,10,2
2024-01-01,7,Horta-Guinardó,34,Can Baró,43,11,1
2024-01-01,7,Horta-Guinardó,34,Can Baró,33,11,2
2024-01-01,7,Horta-Guinardó,34,Can Baró,42,12,1
2024-01-01,7,Horta-Guinardó,34,Can Baró,69,12,2
2024-01-01,7,Horta-Guinardó,34,Can Baró,5,13,1
2024-01-01,7,Horta-Guinardó,34,Can Baró,..,13,2
2024-01-01,7,Horta-Guinardó,34,Can Baró,14,14,1
2024-01-01,7,Horta-Guinardó,34,Can Baró,21,14,2
2024-01-01,7,Horta-Guinardó,34,Can Baró,133,15,1
2024-01-01,7,Horta-Guinardó,34,Can Baró,92,15,2
2024-01-01,7,Horta-Guinardó,34,Can Baró,39,16,1
2024-01-01,7,Horta-Guinardó,34,Can Baró,53,16,2
2024-01-01,7,Horta-Guinardó,34,Can Baró,4173,17,1
2024-01-01,7,Horta-Guinardó,34,Can Baró,3713,17,2
2024-01-01,7,Horta-Guinardó,34,Can Baró,82,18,1
2024-01-01,7,Horta-Guinardó,34,Can Baró,73,18,2
2024-01-01,7,Horta-Guinardó,34,Can Baró,..,19,1
2024-01-01,7,Horta-Guinardó,34,Can Baró,..,23,2
2024-01-01,7,Horta-Guinardó,35,el Guinardó,8,1,1
2024-01-01,7,Horta-Guinardó,35,el Guinardó,..,1,2
2024-01-01,7,Horta-Guinardó,35,el Guinardó,18,2,1
2024-01-01,7,Horta-Guinardó,35,el Guinardó,12,2,2
2024-01-01,7,Horta-Guinardó,35,el Guinardó,105,3,1
2024-01-01,7,Horta-Guinardó,35,el Guinardó,177,3,2
2024-01-01,7,Horta-Guinardó,35,el Guinardó,..,4,1
2024-01-01,7,Horta-Guinardó,35,el Guinardó,..,4,2
2024-01-01,7,Horta-Guinardó,35,el Guinardó,21,5,1
2024-01-01,7,Horta-Guinardó,35,el Guinardó,28,5,2
2024-01-01,7,Horta-Guinardó,35,el Guinardó,73,6,1
2024-01-01,7,Horta-Guinardó,35,el Guinardó,85,6,2
2024-01-01,7,Horta-Guinardó,35,el Guinardó,360,7,1
2024-01-01,7,Horta-Guinardó,35,el Guinardó,222,7,2
2024-01-01,7,Horta-Guinardó,35,el Guinardó,1582,8,1
2024-01-01,7,Horta-Guinardó,35,el Guinardó,1441,8,2
2024-01-01,7,Horta-Guinardó,35,el Guinardó,34,9,1
2024-01-01,7,Horta-Guinardó,35,el Guinardó,27,9,2
2024-01-01,7,Horta-Guinardó,35,el Guinardó,6,10,1
2024-01-01,7,Horta-Guinardó,35,el Guinardó,..,10,2
2024-01-01,7,Horta-Guinardó,35,el Guinardó,126,11,1
2024-01-01,7,Horta-Guinardó,35,el Guinardó,130,11,2
2024-01-01,7,Horta-Guinardó,35,el Guinardó,122,12,1
2024-01-01,7,Horta-Guinardó,35,el Guinardó,228,12,2
2024-01-01,7,Horta-Guinardó,35,el Guinardó,27,13,1
2024-01-01,7,Horta-Guinardó,35,el Guinardó,13,13,2
2024-01-01,7,Horta-Guinardó,35,el Guinardó,104,14,1
2024-01-01,7,Horta-Guinardó,35,el Guinardó,93,14,2
2024-01-01,7,Horta-Guinardó,35,el Guinardó,455,15,1
2024-01-01,7,Horta-Guinardó,35,el Guinardó,339,15,2
2024-01-01,7,Horta-Guinardó,35,el Guinardó,85,16,1
2024-01-01,7,Horta-Guinardó,35,el Guinardó,125,16,2
2024-01-01,7,Horta-Guinardó,35,el Guinardó,16922,17,1
2024-01-01,7,Horta-Guinardó,35,el Guinardó,14668,17,2
2024-01-01,7,Horta-Guinardó,35,el Guinardó,231,18,1
2024-01-01,7,Horta-Guinardó,35,el Guinardó,258,18,2
2024-01-01,7,Horta-Guinardó,35,el Guinardó,6,19,1
2024-01-01,7,Horta-Guinardó,35,el Guinardó,5,19,2
2024-01-01,7,Horta-Guinardó,35,el Guinardó,..,23,1
2024-01-01,7,Horta-Guinardó,36,la Font d'en Fargues,..,2,1
2024-01-01,7,Horta-Guinardó,36,la Font d'en Fargues,10,3,1
2024-01-01,7,Horta-Guinardó,36,la Font d'en Fargues,25,3,2
2024-01-01,7,Horta-Guinardó,36,la Font d'en Fargues,5,5,1
2024-01-01,7,Horta-Guinardó,36,la Font d'en Fargues,12,5,2
2024-01-01,7,Horta-Guinardó,36,la Font d'en Fargues,12,6,1
2024-01-01,7,Horta-Guinardó,36,la Font d'en Fargues,14,6,2
2024-01-01,7,Horta-Guinardó,36,la Font d'en Fargues,47,7,1
2024-01-01,7,Horta-Guinardó,36,la Font d'en Fargues,26,7,2
2024-01-01,7,Horta-Guinardó,36,la Font d'en Fargues,167,8,1
2024-01-01,7,Horta-Guinardó,36,la Font d'en Fargues,110,8,2
2024-01-01,7,Horta-Guinardó,36,la Font d'en Fargues,10,9,1
2024-01-01,7,Horta-Guinardó,36,la Font d'en Fargues,9,9,2
2024-01-01,7,Horta-Guinardó,36,la Font d'en Fargues,..,10,1
2024-01-01,7,Horta-Guinardó,36,la Font d'en Fargues,29,11,1
2024-01-01,7,Horta-Guinardó,36,la Font d'en Fargues,22,11,2
2024-01-01,7,Horta-Guinardó,36,la Font d'en Fargues,11,12,1
2024-01-01,7,Horta-Guinardó,36,la Font d'en Fargues,11,12,2
2024-01-01,7,Horta-Guinardó,36,la Font d'en Fargues,6,13,1
2024-01-01,7,Horta-Guinardó,36,la Font d'en Fargues,..,13,2
2024-01-01,7,Horta-Guinardó,36,la Font d'en Fargues,21,14,1
2024-01-01,7,Horta-Guinardó,36,la Font d'en Fargues,21,14,2
2024-01-01,7,Horta-Guinardó,36,la Font d'en Fargues,91,15,1
2024-01-01,7,Horta-Guinardó,36,la Font d'en Fargues,50,15,2
2024-01-01,7,Horta-Guinardó,36,la Font d'en Fargues,23,16,1
2024-01-01,7,Horta-Guinardó,36,la Font d'en Fargues,26,16,2
2024-01-01,7,Horta-Guinardó,36,la Font d'en Fargues,4672,17,1
2024-01-01,7,Horta-Guinardó,36,la Font d'en Fargues,4289,17,2
2024-01-01,7,Horta-Guinardó,36,la Font d'en Fargues,54,18,1
2024-01-01,7,Horta-Guinardó,36,la Font d'en Fargues,56,18,2
2024-01-01,7,Horta-Guinardó,36,la Font d'en Fargues,..,19,1
2024-01-01,7,Horta-Guinardó,36,la Font d'en Fargues,..,19,2
2024-01-01,7,Horta-Guinardó,37,el Carmel,..,1,1
2024-01-01,7,Horta-Guinardó,37,el Carmel,..,1,2
2024-01-01,7,Horta-Guinardó,37,el Carmel,16,2,1
2024-01-01,7,Horta-Guinardó,37,el Carmel,23,2,2
2024-01-01,7,Horta-Guinardó,37,el Carmel,133,3,1
2024-01-01,7,Horta-Guinardó,37,el Carmel,243,3,2
2024-01-01,7,Horta-Guinardó,37,el Carmel,..,4,1
2024-01-01,7,Horta-Guinardó,37,el Carmel,..,4,2
2024-01-01,7,Horta-Guinardó,37,el Carmel,24,5,1
2024-01-01,7,Horta-Guinardó,37,el Carmel,53,5,2
2024-01-01,7,Horta-Guinardó,37,el Carmel,111,6,1
2024-01-01,7,Horta-Guinardó,37,el Carmel,112,6,2
2024-01-01,7,Horta-Guinardó,37,el Carmel,614,7,1
2024-01-01,7,Horta-Guinardó,37,el Carmel,417,7,2
2024-01-01,7,Horta-Guinardó,37,el Carmel,1363,8,1
2024-01-01,7,Horta-Guinardó,37,el Carmel,1255,8,2
2024-01-01,7,Horta-Guinardó,37,el Carmel,20,9,1
2024-01-01,7,Horta-Guinardó,37,el Carmel,23,9,2
2024-01-01,7,Horta-Guinardó,37,el Carmel,10,10,1
2024-01-01,7,Horta-Guinardó,37,el Carmel,5,10,2
2024-01-01,7,Horta-Guinardó,37,el Carmel,117,11,1
2024-01-01,7,Horta-Guinardó,37,el Carmel,111,11,2
2024-01-01,7,Horta-Guinardó,37,el Carmel,186,12,1
2024-01-01,7,Horta-Guinardó,37,el Carmel,309,12,2
2024-01-01,7,Horta-Guinardó,37,el Carmel,30,13,1
2024-01-01,7,Horta-Guinardó,37,el Carmel,16,13,2
2024-01-01,7,Horta-Guinardó,37,el Carmel,122,14,1
2024-01-01,7,Horta-Guinardó,37,el Carmel,140,14,2
2024-01-01,7,Horta-Guinardó,37,el Carmel,385,15,1
2024-01-01,7,Horta-Guinardó,37,el Carmel,315,15,2
2024-01-01,7,Horta-Guinardó,37,el Carmel,58,16,1
2024-01-01,7,Horta-Guinardó,37,el Carmel,65,16,2
2024-01-01,7,Horta-Guinardó,37,el Carmel,13996,17,1
2024-01-01,7,Horta-Guinardó,37,el Carmel,12497,17,2
2024-01-01,7,Horta-Guinardó,37,el Carmel,126,18,1
2024-01-01,7,Horta-Guinardó,37,el Carmel,132,18,2
2024-01-01,7,Horta-Guinardó,37,el Carmel,..,19,1
2024-01-01,7,Horta-Guinardó,37,el Carmel,..,19,2
2024-01-01,7,Horta-Guinardó,37,el Carmel,..,23,1
2024-01-01,7,Horta-Guinardó,38,la Teixonera,..,1,2
2024-01-01,7,Horta-Guinardó,38,la Teixonera,..,2,1
2024-01-01,7,Horta-Guinardó,38,la Teixonera,8,2,2
2024-01-01,7,Horta-Guinardó,38,la Teixonera,47,3,1
2024-01-01,7,Horta-Guinardó,38,la Teixonera,92,3,2
2024-01-01,7,Horta-Guinardó,38,la Teixonera,5,5,1
2024-01-01,7,Horta-Guinardó,38,la Teixonera,23,5,2
2024-01-01,7,Horta-Guinardó,38,la Teixonera,38,6,1
2024-01-01,7,Horta-Guinardó,38,la Teixonera,31,6,2
2024-01-01,7,Horta-Guinardó,38,la Teixonera,229,7,1
2024-01-01,7,Horta-Guinardó,38,la Teixonera,134,7,2
2024-01-01,7,Horta-Guinardó,38,la Teixonera,535,8,1
2024-01-01,7,Horta-Guinardó,38,la Teixonera,487,8,2
2024-01-01,7,Horta-Guinardó,38,la Teixonera,8,9,1
2024-01-01,7,Horta-Guinardó,38,la Teixonera,5,9,2
2024-01-01,7,Horta-Guinardó,38,la Teixonera,6,10,1
2024-01-01,7,Horta-Guinardó,38,la Teixonera,..,10,2
2024-01-01,7,Horta-Guinardó,38,la Teixonera,46,11,1
2024-01-01,7,Horta-Guinardó,38,la Teixonera,25,11,2
2024-01-01,7,Horta-Guinardó,38,la Teixonera,53,12,1
2024-01-01,7,Horta-Guinardó,38,la Teixonera,86,12,2
2024-01-01,7,Horta-Guinardó,38,la Teixonera,13,13,1
2024-01-01,7,Horta-Guinardó,38,la Teixonera,11,13,2
2024-01-01,7,Horta-Guinardó,38,la Teixonera,30,14,1
2024-01-01,7,Horta-Guinardó,38,la Teixonera,37,14,2
2024-01-01,7,Horta-Guinardó,38,la Teixonera,121,15,1
2024-01-01,7,Horta-Guinardó,38,la Teixonera,94,15,2
2024-01-01,7,Horta-Guinardó,38,la Teixonera,21,16,1
2024-01-01,7,Horta-Guinardó,38,la Teixonera,41,16,2
2024-01-01,7,Horta-Guinardó,38,la Teixonera,5243,17,1
2024-01-01,7,Horta-Guinardó,38,la Teixonera,4841,17,2
2024-01-01,7,Horta-Guinardó,38,la Teixonera,61,18,1
2024-01-01,7,Horta-Guinardó,38,la Teixonera,52,18,2
2024-01-01,7,Horta-Guinardó,38,la Teixonera,..,19,2
2024-01-01,7,Horta-Guinardó,38,la Teixonera,..,23,1
2024-01-01,7,Horta-Guinardó,39,Sant Genís dels Agudells,5,1,2
2024-01-01,7,Horta-Guinardó,39,Sant Genís dels Agudells,9,2,1
2024-01-01,7,Horta-Guinardó,39,Sant Genís dels Agudells,5,2,2
2024-01-01,7,Horta-Guinardó,39,Sant Genís dels Agudells,39,3,1
2024-01-01,7,Horta-Guinardó,39,Sant Genís dels Agudells,53,3,2
2024-01-01,7,Horta-Guinardó,39,Sant Genís dels Agudells,12,5,1
2024-01-01,7,Horta-Guinardó,39,Sant Genís dels Agudells,20,5,2
2024-01-01,7,Horta-Guinardó,39,Sant Genís dels Agudells,19,6,1
2024-01-01,7,Horta-Guinardó,39,Sant Genís dels Agudells,32,6,2
2024-01-01,7,Horta-Guinardó,39,Sant Genís dels Agudells,128,7,1
2024-01-01,7,Horta-Guinardó,39,Sant Genís dels Agudells,77,7,2
2024-01-01,7,Horta-Guinardó,39,Sant Genís dels Agudells,381,8,1
2024-01-01,7,Horta-Guinardó,39,Sant Genís dels Agudells,366,8,2
2024-01-01,7,Horta-Guinardó,39,Sant Genís dels Agudells,6,9,1
2024-01-01,7,Horta-Guinardó,39,Sant Genís dels Agudells,21,9,2
2024-01-01,7,Horta-Guinardó,39,Sant Genís dels Agudells,..,10,1
2024-01-01,7,Horta-Guinardó,39,Sant Genís dels Agudells,..,10,2
2024-01-01,7,Horta-Guinardó,39,Sant Genís dels Agudells,24,11,1
2024-01-01,7,Horta-Guinardó,39,Sant Genís dels Agudells,25,11,2
2024-01-01,7,Horta-Guinardó,39,Sant Genís dels Agudells,43,12,1
2024-01-01,7,Horta-Guinardó,39,Sant Genís dels Agudells,54,12,2
2024-01-01,7,Horta-Guinardó,39,Sant Genís dels Agudells,5,13,1
2024-01-01,7,Horta-Guinardó,39,Sant Genís dels Agudells,..,13,2
2024-01-01,7,Horta-Guinardó,39,Sant Genís dels Agudells,25,14,1
2024-01-01,7,Horta-Guinardó,39,Sant Genís dels Agudells,36,14,2
2024-01-01,7,Horta-Guinardó,39,Sant Genís dels Agudells,78,15,1
2024-01-01,7,Horta-Guinardó,39,Sant Genís dels Agudells,50,15,2
2024-01-01,7,Horta-Guinardó,39,Sant Genís dels Agudells,14,16,1
2024-01-01,7,Horta-Guinardó,39,Sant Genís dels Agudells,12,16,2
2024-01-01,7,Horta-Guinardó,39,Sant Genís dels Agudells,3330,17,1
2024-01-01,7,Horta-Guinardó,39,Sant Genís dels Agudells,2827,17,2
2024-01-01,7,Horta-Guinardó,39,Sant Genís dels Agudells,24,18,1
2024-01-01,7,Horta-Guinardó,39,Sant Genís dels Agudells,38,18,2
2024-01-01,7,Horta-Guinardó,39,Sant Genís dels Agudells,..,19,2
2024-01-01,7,Horta-Guinardó,40,Montbau,11,3,1
2024-01-01,7,Horta-Guinardó,40,Montbau,25,3,2
2024-01-01,7,Horta-Guinardó,40,Montbau,..,5,1
2024-01-01,7,Horta-Guinardó,40,Montbau,5,5,2
2024-01-01,7,Horta-Guinardó,40,Montbau,10,6,1
2024-01-01,7,Horta-Guinardó,40,Montbau,9,6,2
2024-01-01,7,Horta-Guinardó,40,Montbau,50,7,1
2024-01-01,7,Horta-Guinardó,40,Montbau,45,7,2
2024-01-01,7,Horta-Guinardó,40,Montbau,237,8,1
2024-01-01,7,Horta-Guinardó,40,Montbau,172,8,2
2024-01-01,7,Horta-Guinardó,40,Montbau,..,9,1
2024-01-01,7,Horta-Guinardó,40,Montbau,..,9,2
2024-01-01,7,Horta-Guinardó,40,Montbau,..,10,1
2024-01-01,7,Horta-Guinardó,40,Montbau,29,11,1
2024-01-01,7,Horta-Guinardó,40,Montbau,16,11,2
2024-01-01,7,Horta-Guinardó,40,Montbau,34,12,1
2024-01-01,7,Horta-Guinardó,40,Montbau,49,12,2
2024-01-01,7,Horta-Guinardó,40,Montbau,..,13,1
2024-01-01,7,Horta-Guinardó,40,Montbau,..,13,2
2024-01-01,7,Horta-Guinardó,40,Montbau,29,14,1
2024-01-01,7,Horta-Guinardó,40,Montbau,29,14,2
2024-01-01,7,Horta-Guinardó,40,Montbau,69,15,1
2024-01-01,7,Horta-Guinardó,40,Montbau,45,15,2
2024-01-01,7,Horta-Guinardó,40,Montbau,10,16,1
2024-01-01,7,Horta-Guinardó,40,Montbau,7,16,2
2024-01-01,7,Horta-Guinardó,40,Montbau,2369,17,1
2024-01-01,7,Horta-Guinardó,40,Montbau,1983,17,2
2024-01-01,7,Horta-Guinardó,40,Montbau,15,18,1
2024-01-01,7,Horta-Guinardó,40,Montbau,25,18,2
2024-01-01,7,Horta-Guinardó,41,la Vall d'Hebron,..,1,1
2024-01-01,7,Horta-Guinardó,41,la Vall d'Hebron,..,1,2
2024-01-01,7,Horta-Guinardó,41,la Vall d'Hebron,6,3,1
2024-01-01,7,Horta-Guinardó,41,la Vall d'Hebron,16,3,2
2024-01-01,7,Horta-Guinardó,41,la Vall d'Hebron,..,5,2
2024-01-01,7,Horta-Guinardó,41,la Vall d'Hebron,9,6,1
2024-01-01,7,Horta-Guinardó,41,la Vall d'Hebron,5,6,2
2024-01-01,7,Horta-Guinardó,41,la Vall d'Hebron,35,7,1
2024-01-01,7,Horta-Guinardó,41,la Vall d'Hebron,23,7,2
2024-01-01,7,Horta-Guinardó,41,la Vall d'Hebron,144,8,1
2024-01-01,7,Horta-Guinardó,41,la Vall d'Hebron,108,8,2
2024-01-01,7,Horta-Guinardó,41,la Vall d'Hebron,..,9,1
2024-01-01,7,Horta-Guinardó,41,la Vall d'Hebron,11,9,2
2024-01-01,7,Horta-Guinardó,41,la Vall d'Hebron,15,11,1
2024-01-01,7,Horta-Guinardó,41,la Vall d'Hebron,16,11,2
2024-01-01,7,Horta-Guinardó,41,la Vall d'Hebron,15,12,1
2024-01-01,7,Horta-Guinardó,41,la Vall d'Hebron,23,12,2
2024-01-01,7,Horta-Guinardó,41,la Vall d'Hebron,..,13,1
2024-01-01,7,Horta-Guinardó,41,la Vall d'Hebron,7,13,2
2024-01-01,7,Horta-Guinardó,41,la Vall d'Hebron,12,14,1
2024-01-01,7,Horta-Guinardó,41,la Vall d'Hebron,11,14,2
2024-01-01,7,Horta-Guinardó,41,la Vall d'Hebron,61,15,1
2024-01-01,7,Horta-Guinardó,41,la Vall d'Hebron,43,15,2
2024-01-01,7,Horta-Guinardó,41,la Vall d'Hebron,8,16,1
2024-01-01,7,Horta-Guinardó,41,la Vall d'Hebron,9,16,2
2024-01-01,7,Horta-Guinardó,41,la Vall d'Hebron,2817,17,1
2024-01-01,7,Horta-Guinardó,41,la Vall d'Hebron,2451,17,2
2024-01-01,7,Horta-Guinardó,41,la Vall d'Hebron,13,18,1
2024-01-01,7,Horta-Guinardó,41,la Vall d'Hebron,13,18,2
2024-01-01,7,Horta-Guinardó,41,la Vall d'Hebron,..,19,1
2024-01-01,7,Horta-Guinardó,42,la Clota,5,3,1
2024-01-01,7,Horta-Guinardó,42,la Clota,12,3,2
2024-01-01,7,Horta-Guinardó,42,la Clota,..,6,2
2024-01-01,7,Horta-Guinardó,42,la Clota,8,7,1
2024-01-01,7,Horta-Guinardó,42,la Clota,..,7,2
2024-01-01,7,Horta-Guinardó,42,la Clota,10,8,1
2024-01-01,7,Horta-Guinardó,42,la Clota,13,8,2
2024-01-01,7,Horta-Guinardó,42,la Clota,..,9,1
2024-01-01,7,Horta-Guinardó,42,la Clota,6,12,1
2024-01-01,7,Horta-Guinardó,42,la Clota,27,12,2
2024-01-01,7,Horta-Guinardó,42,la Clota,..,14,1
2024-01-01,7,Horta-Guinardó,42,la Clota,..,14,2
2024-01-01,7,Horta-Guinardó,42,la Clota,..,15,1
2024-01-01,7,Horta-Guinardó,42,la Clota,..,15,2
2024-01-01,7,Horta-Guinardó,42,la Clota,..,16,2
2024-01-01,7,Horta-Guinardó,42,la Clota,377,17,1
2024-01-01,7,Horta-Guinardó,42,la Clota,364,17,2
2024-01-01,7,Horta-Guinardó,42,la Clota,..,18,2
2024-01-01,7,Horta-Guinardó,42,la Clota,..,19,1
2024-01-01,7,Horta-Guinardó,43,Horta,6,1,1
2024-01-01,7,Horta-Guinardó,43,Horta,8,1,2
2024-01-01,7,Horta-Guinardó,43,Horta,21,2,1
2024-01-01,7,Horta-Guinardó,43,Horta,19,2,2
2024-01-01,7,Horta-Guinardó,43,Horta,150,3,1
2024-01-01,7,Horta-Guinardó,43,Horta,395,3,2
2024-01-01,7,Horta-Guinardó,43,Horta,..,4,1
2024-01-01,7,Horta-Guinardó,43,Horta,26,5,1
2024-01-01,7,Horta-Guinardó,43,Horta,81,5,2
2024-01-01,7,Horta-Guinardó,43,Horta,106,6,1
2024-01-01,7,Horta-Guinardó,43,Horta,82,6,2
2024-01-01,7,Horta-Guinardó,43,Horta,751,7,1
2024-01-01,7,Horta-Guinardó,43,Horta,425,7,2
2024-01-01,7,Horta-Guinardó,43,Horta,1537,8,1
2024-01-01,7,Horta-Guinardó,43,Horta,1353,8,2
2024-01-01,7,Horta-Guinardó,43,Horta,13,9,1
2024-01-01,7,Horta-Guinardó,43,Horta,14,9,2
2024-01-01,7,Horta-Guinardó,43,Horta,137,11,1
2024-01-01,7,Horta-Guinardó,43,Horta,119,11,2
2024-01-01,7,Horta-Guinardó,43,Horta,117,12,1
2024-01-01,7,Horta-Guinardó,43,Horta,635,12,2
2024-01-01,7,Horta-Guinardó,43,Horta,65,13,1
2024-01-01,7,Horta-Guinardó,43,Horta,40,13,2
2024-01-01,7,Horta-Guinardó,43,Horta,108,14,1
2024-01-01,7,Horta-Guinardó,43,Horta,97,14,2
2024-01-01,7,Horta-Guinardó,43,Horta,259,15,1
2024-01-01,7,Horta-Guinardó,43,Horta,181,15,2
2024-01-01,7,Horta-Guinardó,43,Horta,33,16,1
2024-01-01,7,Horta-Guinardó,43,Horta,50,16,2
2024-01-01,7,Horta-Guinardó,43,Horta,12974,17,1
2024-01-01,7,Horta-Guinardó,43,Horta,11114,17,2
2024-01-01,7,Horta-Guinardó,43,Horta,83,18,1
2024-01-01,7,Horta-Guinardó,43,Horta,89,18,2
2024-01-01,7,Horta-Guinardó,43,Horta,..,23,1
2024-01-01,8,Nou Barris,44,Vilapicina i la Torre Llobeta,..,1,1
2024-01-01,8,Nou Barris,44,Vilapicina i la Torre Llobeta,..,1,2
2024-01-01,8,Nou Barris,44,Vilapicina i la Torre Llobeta,9,2,1
2024-01-01,8,Nou Barris,44,Vilapicina i la Torre Llobeta,..,2,2
2024-01-01,8,Nou Barris,44,Vilapicina i la Torre Llobeta,59,3,1
2024-01-01,8,Nou Barris,44,Vilapicina i la Torre Llobeta,130,3,2
2024-01-01,8,Nou Barris,44,Vilapicina i la Torre Llobeta,..,4,1
2024-01-01,8,Nou Barris,44,Vilapicina i la Torre Llobeta,..,4,2
2024-01-01,8,Nou Barris,44,Vilapicina i la Torre Llobeta,7,5,1
2024-01-01,8,Nou Barris,44,Vilapicina i la Torre Llobeta,42,5,2
2024-01-01,8,Nou Barris,44,Vilapicina i la Torre Llobeta,98,6,1
2024-01-01,8,Nou Barris,44,Vilapicina i la Torre Llobeta,88,6,2
2024-01-01,8,Nou Barris,44,Vilapicina i la Torre Llobeta,282,7,1
2024-01-01,8,Nou Barris,44,Vilapicina i la Torre Llobeta,180,7,2
2024-01-01,8,Nou Barris,44,Vilapicina i la Torre Llobeta,957,8,1
2024-01-01,8,Nou Barris,44,Vilapicina i la Torre Llobeta,877,8,2
2024-01-01,8,Nou Barris,44,Vilapicina i la Torre Llobeta,11,9,1
2024-01-01,8,Nou Barris,44,Vilapicina i la Torre Llobeta,6,9,2
2024-01-01,8,Nou Barris,44,Vilapicina i la Torre Llobeta,..,10,1
2024-01-01,8,Nou Barris,44,Vilapicina i la Torre Llobeta,..,10,2
2024-01-01,8,Nou Barris,44,Vilapicina i la Torre Llobeta,209,11,1
2024-01-01,8,Nou Barris,44,Vilapicina i la Torre Llobeta,213,11,2
2024-01-01,8,Nou Barris,44,Vilapicina i la Torre Llobeta,97,12,1
2024-01-01,8,Nou Barris,44,Vilapicina i la Torre Llobeta,140,12,2
2024-01-01,8,Nou Barris,44,Vilapicina i la Torre Llobeta,38,13,1
2024-01-01,8,Nou Barris,44,Vilapicina i la Torre Llobeta,15,13,2
2024-01-01,8,Nou Barris,44,Vilapicina i la Torre Llobeta,135,14,1
2024-01-01,8,Nou Barris,44,Vilapicina i la Torre Llobeta,152,14,2
2024-01-01,8,Nou Barris,44,Vilapicina i la Torre Llobeta,243,15,1
2024-01-01,8,Nou Barris,44,Vilapicina i la Torre Llobeta,158,15,2
2024-01-01,8,Nou Barris,44,Vilapicina i la Torre Llobeta,31,16,1
2024-01-01,8,Nou Barris,44,Vilapicina i la Torre Llobeta,46,16,2
2024-01-01,8,Nou Barris,44,Vilapicina i la Torre Llobeta,11956,17,1
2024-01-01,8,Nou Barris,44,Vilapicina i la Torre Llobeta,9937,17,2
2024-01-01,8,Nou Barris,44,Vilapicina i la Torre Llobeta,75,18,1
2024-01-01,8,Nou Barris,44,Vilapicina i la Torre Llobeta,71,18,2
2024-01-01,8,Nou Barris,44,Vilapicina i la Torre Llobeta,..,19,1
2024-01-01,8,Nou Barris,44,Vilapicina i la Torre Llobeta,..,19,2
2024-01-01,8,Nou Barris,44,Vilapicina i la Torre Llobeta,..,23,2
2024-01-01,8,Nou Barris,45,Porta,..,1,1
2024-01-01,8,Nou Barris,45,Porta,..,1,2
2024-01-01,8,Nou Barris,45,Porta,16,2,1
2024-01-01,8,Nou Barris,45,Porta,12,2,2
2024-01-01,8,Nou Barris,45,Porta,168,3,1
2024-01-01,8,Nou Barris,45,Porta,548,3,2
2024-01-01,8,Nou Barris,45,Porta,..,4,2
2024-01-01,8,Nou Barris,45,Porta,60,5,1
2024-01-01,8,Nou Barris,45,Porta,124,5,2
2024-01-01,8,Nou Barris,45,Porta,117,6,1
2024-01-01,8,Nou Barris,45,Porta,129,6,2
2024-01-01,8,Nou Barris,45,Porta,1262,7,1
2024-01-01,8,Nou Barris,45,Porta,670,7,2
2024-01-01,8,Nou Barris,45,Porta,1914,8,1
2024-01-01,8,Nou Barris,45,Porta,1706,8,2
2024-01-01,8,Nou Barris,45,Porta,15,9,1
2024-01-01,8,Nou Barris,45,Porta,7,9,2
2024-01-01,8,Nou Barris,45,Porta,..,10,1
2024-01-01,8,Nou Barris,45,Porta,168,11,1
2024-01-01,8,Nou Barris,45,Porta,133,11,2
2024-01-01,8,Nou Barris,45,Porta,186,12,1
2024-01-01,8,Nou Barris,45,Porta,1016,12,2
2024-01-01,8,Nou Barris,45,Porta,16,13,1
2024-01-01,8,Nou Barris,45,Porta,19,13,2
2024-01-01,8,Nou Barris,45,Porta,233,14,1
2024-01-01,8,Nou Barris,45,Porta,226,14,2
2024-01-01,8,Nou Barris,45,Porta,284,15,1
2024-01-01,8,Nou Barris,45,Porta,232,15,2
2024-01-01,8,Nou Barris,45,Porta,29,16,1
2024-01-01,8,Nou Barris,45,Porta,36,16,2
2024-01-01,8,Nou Barris,45,Porta,11729,17,1
2024-01-01,8,Nou Barris,45,Porta,10156,17,2
2024-01-01,8,Nou Barris,45,Porta,48,18,1
2024-01-01,8,Nou Barris,45,Porta,56,18,2
2024-01-01,8,Nou Barris,45,Porta,..,19,1
2024-01-01,8,Nou Barris,45,Porta,..,19,2
2024-01-01,8,Nou Barris,45,Porta,..,23,1
2024-01-01,8,Nou Barris,45,Porta,..,23,2
2024-01-01,8,Nou Barris,46,el Turó de la Peira,..,1,2
2024-01-01,8,Nou Barris,46,el Turó de la Peira,7,2,1
2024-01-01,8,Nou Barris,46,el Turó de la Peira,..,2,2
2024-01-01,8,Nou Barris,46,el Turó de la Peira,106,3,1
2024-01-01,8,Nou Barris,46,el Turó de la Peira,151,3,2
2024-01-01,8,Nou Barris,46,el Turó de la Peira,..,4,1
2024-01-01,8,Nou Barris,46,el Turó de la Peira,10,5,1
2024-01-01,8,Nou Barris,46,el Turó de la Peira,28,5,2
2024-01-01,8,Nou Barris,46,el Turó de la Peira,124,6,1
2024-01-01,8,Nou Barris,46,el Turó de la Peira,161,6,2
2024-01-01,8,Nou Barris,46,el Turó de la Peira,298,7,1
2024-01-01,8,Nou Barris,46,el Turó de la Peira,171,7,2
2024-01-01,8,Nou Barris,46,el Turó de la Peira,929,8,1
2024-01-01,8,Nou Barris,46,el Turó de la Peira,816,8,2
2024-01-01,8,Nou Barris,46,el Turó de la Peira,8,9,1
2024-01-01,8,Nou Barris,46,el Turó de la Peira,5,9,2
2024-01-01,8,Nou Barris,46,el Turó de la Peira,..,10,1
2024-01-01,8,Nou Barris,46,el Turó de la Peira,..,10,2
2024-01-01,8,Nou Barris,46,el Turó de la Peira,78,11,1
2024-01-01,8,Nou Barris,46,el Turó de la Peira,84,11,2
2024-01-01,8,Nou Barris,46,el Turó de la Peira,171,12,1
2024-01-01,8,Nou Barris,46,el Turó de la Peira,275,12,2
2024-01-01,8,Nou Barris,46,el Turó de la Peira,10,13,1
2024-01-01,8,Nou Barris,46,el Turó de la Peira,7,13,2
2024-01-01,8,Nou Barris,46,el Turó de la Peira,151,14,1
2024-01-01,8,Nou Barris,46,el Turó de la Peira,183,14,2
2024-01-01,8,Nou Barris,46,el Turó de la Peira,179,15,1
2024-01-01,8,Nou Barris,46,el Turó de la Peira,111,15,2
2024-01-01,8,Nou Barris,46,el Turó de la Peira,12,16,1
2024-01-01,8,Nou Barris,46,el Turó de la Peira,19,16,2
2024-01-01,8,Nou Barris,46,el Turó de la Peira,6835,17,1
2024-01-01,8,Nou Barris,46,el Turó de la Peira,5829,17,2
2024-01-01,8,Nou Barris,46,el Turó de la Peira,26,18,1
2024-01-01,8,Nou Barris,46,el Turó de la Peira,24,18,2
2024-01-01,8,Nou Barris,46,el Turó de la Peira,..,23,1
2024-01-01,8,Nou Barris,46,el Turó de la Peira,..,23,2
2024-01-01,8,Nou Barris,47,Can Peguera,13,3,1
2024-01-01,8,Nou Barris,47,Can Peguera,28,3,2
2024-01-01,8,Nou Barris,47,Can Peguera,..,5,1
2024-01-01,8,Nou Barris,47,Can Peguera,13,6,1
2024-01-01,8,Nou Barris,47,Can Peguera,10,6,2
2024-01-01,8,Nou Barris,47,Can Peguera,13,7,1
2024-01-01,8,Nou Barris,47,Can Peguera,11,7,2
2024-01-01,8,Nou Barris,47,Can Peguera,28,8,1
2024-01-01,8,Nou Barris,47,Can Peguera,33,8,2
2024-01-01,8,Nou Barris,47,Can Peguera,..,9,1
2024-01-01,8,Nou Barris,47,Can Peguera,..,9,2
2024-01-01,8,Nou Barris,47,Can Peguera,..,11,1
2024-01-01,8,Nou Barris,47,Can Peguera,..,11,2
2024-01-01,8,Nou Barris,47,Can Peguera,..,12,1
2024-01-01,8,Nou Barris,47,Can Peguera,..,12,2
2024-01-01,8,Nou Barris,47,Can Peguera,..,13,1
2024-01-01,8,Nou Barris,47,Can Peguera,5,14,1
2024-01-01,8,Nou Barris,47,Can Peguera,..,14,2
2024-01-01,8,Nou Barris,47,Can Peguera,11,15,1
2024-01-01,8,Nou Barris,47,Can Peguera,5,15,2
2024-01-01,8,Nou Barris,47,Can Peguera,..,16,1
2024-01-01,8,Nou Barris,47,Can Peguera,..,16,2
2024-01-01,8,Nou Barris,47,Can Peguera,1043,17,1
2024-01-01,8,Nou Barris,47,Can Peguera,935,17,2
2024-01-01,8,Nou Barris,47,Can Peguera,..,18,2
2024-01-01,8,Nou Barris,48,la Guineueta,9,2,1
2024-01-01,8,Nou Barris,48,la Guineueta,5,2,2
2024-01-01,8,Nou Barris,48,la Guineueta,44,3,1
2024-01-01,8,Nou Barris,48,la Guineueta,45,3,2
2024-01-01,8,Nou Barris,48,la Guineueta,17,5,1
2024-01-01,8,Nou Barris,48,la Guineueta,8,5,2
2024-01-01,8,Nou Barris,48,la Guineueta,41,6,1
2024-01-01,8,Nou Barris,48,la Guineueta,29,6,2
2024-01-01,8,Nou Barris,48,la Guineueta,185,7,1
2024-01-01,8,Nou Barris,48,la Guineueta,95,7,2
2024-01-01,8,Nou Barris,48,la Guineueta,385,8,1
2024-01-01,8,Nou Barris,48,la Guineueta,324,8,2
2024-01-01,8,Nou Barris,48,la Guineueta,..,9,1
2024-01-01,8,Nou Barris,48,la Guineueta,6,9,2
2024-01-01,8,Nou Barris,48,la Guineueta,..,10,1
2024-01-01,8,Nou Barris,48,la Guineueta,..,10,2
2024-01-01,8,Nou Barris,48,la Guineueta,68,11,1
2024-01-01,8,Nou Barris,48,la Guineueta,54,11,2
2024-01-01,8,Nou Barris,48,la Guineueta,39,12,1
2024-01-01,8,Nou Barris,48,la Guineueta,42,12,2
2024-01-01,8,Nou Barris,48,la Guineueta,13,13,1
2024-01-01,8,Nou Barris,48,la Guineueta,10,13,2
2024-01-01,8,Nou Barris,48,la Guineueta,43,14,1
2024-01-01,8,Nou Barris,48,la Guineueta,40,14,2
2024-01-01,8,Nou Barris,48,la Guineueta,115,15,1
2024-01-01,8,Nou Barris,48,la Guineueta,75,15,2
2024-01-01,8,Nou Barris,48,la Guineueta,12,16,1
2024-01-01,8,Nou Barris,48,la Guineueta,8,16,2
2024-01-01,8,Nou Barris,48,la Guineueta,7250,17,1
2024-01-01,8,Nou Barris,48,la Guineueta,6358,17,2
2024-01-01,8,Nou Barris,48,la Guineueta,22,18,1
2024-01-01,8,Nou Barris,48,la Guineueta,23,18,2
2024-01-01,8,Nou Barris,48,la Guineueta,..,19,1
2024-01-01,8,Nou Barris,48,la Guineueta,..,23,1
2024-01-01,8,Nou Barris,49,Canyelles,..,2,1
2024-01-01,8,Nou Barris,49,Canyelles,..,2,2
2024-01-01,8,Nou Barris,49,Canyelles,15,3,1
2024-01-01,8,Nou Barris,49,Canyelles,10,3,2
2024-01-01,8,Nou Barris,49,Canyelles,8,5,1
2024-01-01,8,Nou Barris,49,Canyelles,9,5,2
2024-01-01,8,Nou Barris,49,Canyelles,11,6,1
2024-01-01,8,Nou Barris,49,Canyelles,16,6,2
2024-01-01,8,Nou Barris,49,Canyelles,61,7,1
2024-01-01,8,Nou Barris,49,Canyelles,40,7,2
2024-01-01,8,Nou Barris,49,Canyelles,98,8,1
2024-01-01,8,Nou Barris,49,Canyelles,78,8,2
2024-01-01,8,Nou Barris,49,Canyelles,..,9,1
2024-01-01,8,Nou Barris,49,Canyelles,..,9,2
2024-01-01,8,Nou Barris,49,Canyelles,..,10,1
2024-01-01,8,Nou Barris,49,Canyelles,..,10,2
2024-01-01,8,Nou Barris,49,Canyelles,11,11,1
2024-01-01,8,Nou Barris,49,Canyelles,12,11,2
2024-01-01,8,Nou Barris,49,Canyelles,7,12,1
2024-01-01,8,Nou Barris,49,Canyelles,15,12,2
2024-01-01,8,Nou Barris,49,Canyelles,..,13,1
2024-01-01,8,Nou Barris,49,Canyelles,33,14,1
2024-01-01,8,Nou Barris,49,Canyelles,36,14,2
2024-01-01,8,Nou Barris,49,Canyelles,39,15,1
2024-01-01,8,Nou Barris,49,Canyelles,37,15,2
2024-01-01,8,Nou Barris,49,Canyelles,..,16,1
2024-01-01,8,Nou Barris,49,Canyelles,..,16,2
2024-01-01,8,Nou Barris,49,Canyelles,3309,17,1
2024-01-01,8,Nou Barris,49,Canyelles,2932,17,2
2024-01-01,8,Nou Barris,49,Canyelles,..,18,1
2024-01-01,8,Nou Barris,49,Canyelles,..,18,2
2024-01-01,8,Nou Barris,49,Canyelles,..,23,2
2024-01-01,8,Nou Barris,50,les Roquetes,..,1,1
2024-01-01,8,Nou Barris,50,les Roquetes,16,2,1
2024-01-01,8,Nou Barris,50,les Roquetes,21,2,2
2024-01-01,8,Nou Barris,50,les Roquetes,124,3,1
2024-01-01,8,Nou Barris,50,les Roquetes,185,3,2
2024-01-01,8,Nou Barris,50,les Roquetes,52,5,1
2024-01-01,8,Nou Barris,50,les Roquetes,68,5,2
2024-01-01,8,Nou Barris,50,les Roquetes,88,6,1
2024-01-01,8,Nou Barris,50,les Roquetes,87,6,2
2024-01-01,8,Nou Barris,50,les Roquetes,665,7,1
2024-01-01,8,Nou Barris,50,les Roquetes,425,7,2
2024-01-01,8,Nou Barris,50,les Roquetes,743,8,1
2024-01-01,8,Nou Barris,50,les Roquetes,642,8,2
2024-01-01,8,Nou Barris,50,les Roquetes,..,9,1
2024-01-01,8,Nou Barris,50,les Roquetes,5,9,2
2024-01-01,8,Nou Barris,50,les Roquetes,..,10,1
2024-01-01,8,Nou Barris,50,les Roquetes,..,10,2
2024-01-01,8,Nou Barris,50,les Roquetes,79,11,1
2024-01-01,8,Nou Barris,50,les Roquetes,76,11,2
2024-01-01,8,Nou Barris,50,les Roquetes,182,12,1
2024-01-01,8,Nou Barris,50,les Roquetes,313,12,2
2024-01-01,8,Nou Barris,50,les Roquetes,17,13,1
2024-01-01,8,Nou Barris,50,les Roquetes,14,13,2
2024-01-01,8,Nou Barris,50,les Roquetes,65,14,1
2024-01-01,8,Nou Barris,50,les Roquetes,68,14,2
2024-01-01,8,Nou Barris,50,les Roquetes,197,15,1
2024-01-01,8,Nou Barris,50,les Roquetes,187,15,2
2024-01-01,8,Nou Barris,50,les Roquetes,18,16,1
2024-01-01,8,Nou Barris,50,les Roquetes,13,16,2
2024-01-01,8,Nou Barris,50,les Roquetes,6504,17,1
2024-01-01,8,Nou Barris,50,les Roquetes,6002,17,2
2024-01-01,8,Nou Barris,50,les Roquetes,33,18,1
2024-01-01,8,Nou Barris,50,les Roquetes,37,18,2
2024-01-01,8,Nou Barris,50,les Roquetes,..,23,1
2024-01-01,8,Nou Barris,51,Verdun,..,1,1
2024-01-01,8,Nou Barris,51,Verdun,..,1,2
2024-01-01,8,Nou Barris,51,Verdun,16,2,1
2024-01-01,8,Nou Barris,51,Verdun,8,2,2
2024-01-01,8,Nou Barris,51,Verdun,73,3,1
2024-01-01,8,Nou Barris,51,Verdun,84,3,2
2024-01-01,8,Nou Barris,51,Verdun,16,5,1
2024-01-01,8,Nou Barris,51,Verdun,38,5,2
2024-01-01,8,Nou Barris,51,Verdun,80,6,1
2024-01-01,8,Nou Barris,51,Verdun,68,6,2
2024-01-01,8,Nou Barris,51,Verdun,415,7,1
2024-01-01,8,Nou Barris,51,Verdun,319,7,2
2024-01-01,8,Nou Barris,51,Verdun,514,8,1
2024-01-01,8,Nou Barris,51,Verdun,514,8,2
2024-01-01,8,Nou Barris,51,Verdun,..,9,1
2024-01-01,8,Nou Barris,51,Verdun,5,9,2
2024-01-01,8,Nou Barris,51,Verdun,..,10,1
2024-01-01,8,Nou Barris,51,Verdun,..,10,2
2024-01-01,8,Nou Barris,51,Verdun,80,11,1
2024-01-01,8,Nou Barris,51,Verdun,77,11,2
2024-01-01,8,Nou Barris,51,Verdun,85,12,1
2024-01-01,8,Nou Barris,51,Verdun,142,12,2
2024-01-01,8,Nou Barris,51,Verdun,46,13,1
2024-01-01,8,Nou Barris,51,Verdun,21,13,2
2024-01-01,8,Nou Barris,51,Verdun,82,14,1
2024-01-01,8,Nou Barris,51,Verdun,78,14,2
2024-01-01,8,Nou Barris,51,Verdun,160,15,1
2024-01-01,8,Nou Barris,51,Verdun,96,15,2
2024-01-01,8,Nou Barris,51,Verdun,6,16,1
2024-01-01,8,Nou Barris,51,Verdun,8,16,2
2024-01-01,8,Nou Barris,51,Verdun,5490,17,1
2024-01-01,8,Nou Barris,51,Verdun,4597,17,2
2024-01-01,8,Nou Barris,51,Verdun,31,18,1
2024-01-01,8,Nou Barris,51,Verdun,31,18,2
2024-01-01,8,Nou Barris,52,la Prosperitat,5,1,1
2024-01-01,8,Nou Barris,52,la Prosperitat,..,1,2
2024-01-01,8,Nou Barris,52,la Prosperitat,16,2,1
2024-01-01,8,Nou Barris,52,la Prosperitat,11,2,2
2024-01-01,8,Nou Barris,52,la Prosperitat,93,3,1
2024-01-01,8,Nou Barris,52,la Prosperitat,123,3,2
2024-01-01,8,Nou Barris,52,la Prosperitat,..,4,1
2024-01-01,8,Nou Barris,52,la Prosperitat,35,5,1
2024-01-01,8,Nou Barris,52,la Prosperitat,55,5,2
2024-01-01,8,Nou Barris,52,la Prosperitat,79,6,1
2024-01-01,8,Nou Barris,52,la Prosperitat,99,6,2
2024-01-01,8,Nou Barris,52,la Prosperitat,597,7,1
2024-01-01,8,Nou Barris,52,la Prosperitat,401,7,2
2024-01-01,8,Nou Barris,52,la Prosperitat,1009,8,1
2024-01-01,8,Nou Barris,52,la Prosperitat,867,8,2
2024-01-01,8,Nou Barris,52,la Prosperitat,13,9,1
2024-01-01,8,Nou Barris,52,la Prosperitat,19,9,2
2024-01-01,8,Nou Barris,52,la Prosperitat,8,10,1
2024-01-01,8,Nou Barris,52,la Prosperitat,5,10,2
2024-01-01,8,Nou Barris,52,la Prosperitat,173,11,1
2024-01-01,8,Nou Barris,52,la Prosperitat,163,11,2
2024-01-01,8,Nou Barris,52,la Prosperitat,165,12,1
2024-01-01,8,Nou Barris,52,la Prosperitat,239,12,2
2024-01-01,8,Nou Barris,52,la Prosperitat,26,13,1
2024-01-01,8,Nou Barris,52,la Prosperitat,29,13,2
2024-01-01,8,Nou Barris,52,la Prosperitat,161,14,1
2024-01-01,8,Nou Barris,52,la Prosperitat,180,14,2
2024-01-01,8,Nou Barris,52,la Prosperitat,251,15,1
2024-01-01,8,Nou Barris,52,la Prosperitat,179,15,2
2024-01-01,8,Nou Barris,52,la Prosperitat,19,16,1
2024-01-01,8,Nou Barris,52,la Prosperitat,25,16,2
2024-01-01,8,Nou Barris,52,la Prosperitat,11816,17,1
2024-01-01,8,Nou Barris,52,la Prosperitat,10330,17,2
2024-01-01,8,Nou Barris,52,la Prosperitat,45,18,1
2024-01-01,8,Nou Barris,52,la Prosperitat,50,18,2
2024-01-01,8,Nou Barris,52,la Prosperitat,..,23,2
2024-01-01,8,Nou Barris,53,la Trinitat Nova,..,1,1
2024-01-01,8,Nou Barris,53,la Trinitat Nova,..,1,2
2024-01-01,8,Nou Barris,53,la Trinitat Nova,6,2,1
2024-01-01,8,Nou Barris,53,la Trinitat Nova,11,2,2
2024-01-01,8,Nou Barris,53,la Trinitat Nova,54,3,1
2024-01-01,8,Nou Barris,53,la Trinitat Nova,88,3,2
2024-01-01,8,Nou Barris,53,la Trinitat Nova,20,5,1
2024-01-01,8,Nou Barris,53,la Trinitat Nova,49,5,2
2024-01-01,8,Nou Barris,53,la Trinitat Nova,28,6,1
2024-01-01,8,Nou Barris,53,la Trinitat Nova,31,6,2
2024-01-01,8,Nou Barris,53,la Trinitat Nova,167,7,1
2024-01-01,8,Nou Barris,53,la Trinitat Nova,117,7,2
2024-01-01,8,Nou Barris,53,la Trinitat Nova,300,8,1
2024-01-01,8,Nou Barris,53,la Trinitat Nova,266,8,2
2024-01-01,8,Nou Barris,53,la Trinitat Nova,..,9,1
2024-01-01,8,Nou Barris,53,la Trinitat Nova,..,9,2
2024-01-01,8,Nou Barris,53,la Trinitat Nova,38,11,1
2024-01-01,8,Nou Barris,53,la Trinitat Nova,19,11,2
2024-01-01,8,Nou Barris,53,la Trinitat Nova,129,12,1
2024-01-01,8,Nou Barris,53,la Trinitat Nova,174,12,2
2024-01-01,8,Nou Barris,53,la Trinitat Nova,8,13,1
2024-01-01,8,Nou Barris,53,la Trinitat Nova,..,13,2
2024-01-01,8,Nou Barris,53,la Trinitat Nova,78,14,1
2024-01-01,8,Nou Barris,53,la Trinitat Nova,84,14,2
2024-01-01,8,Nou Barris,53,la Trinitat Nova,81,15,1
2024-01-01,8,Nou Barris,53,la Trinitat Nova,64,15,2
2024-01-01,8,Nou Barris,53,la Trinitat Nova,..,16,1
2024-01-01,8,Nou Barris,53,la Trinitat Nova,..,16,2
2024-01-01,8,Nou Barris,53,la Trinitat Nova,3119,17,1
2024-01-01,8,Nou Barris,53,la Trinitat Nova,2771,17,2
2024-01-01,8,Nou Barris,53,la Trinitat Nova,..,18,1
2024-01-01,8,Nou Barris,53,la Trinitat Nova,7,18,2
2024-01-01,8,Nou Barris,54,Torre Baró,..,1,1
2024-01-01,8,Nou Barris,54,Torre Baró,..,1,2
2024-01-01,8,Nou Barris,54,Torre Baró,..,2,1
2024-01-01,8,Nou Barris,54,Torre Baró,..,2,2
2024-01-01,8,Nou Barris,54,Torre Baró,56,3,1
2024-01-01,8,Nou Barris,54,Torre Baró,77,3,2
2024-01-01,8,Nou Barris,54,Torre Baró,13,5,1
2024-01-01,8,Nou Barris,54,Torre Baró,12,5,2
2024-01-01,8,Nou Barris,54,Torre Baró,6,6,1
2024-01-01,8,Nou Barris,54,Torre Baró,8,6,2
2024-01-01,8,Nou Barris,54,Torre Baró,40,7,1
2024-01-01,8,Nou Barris,54,Torre Baró,40,7,2
2024-01-01,8,Nou Barris,54,Torre Baró,92,8,1
2024-01-01,8,Nou Barris,54,Torre Baró,90,8,2
2024-01-01,8,Nou Barris,54,Torre Baró,..,9,1
2024-01-01,8,Nou Barris,54,Torre Baró,7,11,1
2024-01-01,8,Nou Barris,54,Torre Baró,9,11,2
2024-01-01,8,Nou Barris,54,Torre Baró,29,12,1
2024-01-01,8,Nou Barris,54,Torre Baró,37,12,2
2024-01-01,8,Nou Barris,54,Torre Baró,..,13,1
2024-01-01,8,Nou Barris,54,Torre Baró,..,13,2
2024-01-01,8,Nou Barris,54,Torre Baró,7,14,1
2024-01-01,8,Nou Barris,54,Torre Baró,10,14,2
2024-01-01,8,Nou Barris,54,Torre Baró,39,15,1
2024-01-01,8,Nou Barris,54,Torre Baró,37,15,2
2024-01-01,8,Nou Barris,54,Torre Baró,..,16,1
2024-01-01,8,Nou Barris,54,Torre Baró,..,16,2
2024-01-01,8,Nou Barris,54,Torre Baró,1270,17,1
2024-01-01,8,Nou Barris,54,Torre Baró,1204,17,2
2024-01-01,8,Nou Barris,54,Torre Baró,7,18,1
2024-01-01,8,Nou Barris,54,Torre Baró,6,18,2
2024-01-01,8,Nou Barris,55,Ciutat Meridiana,..,1,1
2024-01-01,8,Nou Barris,55,Ciutat Meridiana,..,1,2
2024-01-01,8,Nou Barris,55,Ciutat Meridiana,13,2,1
2024-01-01,8,Nou Barris,55,Ciutat Meridiana,11,2,2
2024-01-01,8,Nou Barris,55,Ciutat Meridiana,215,3,1
2024-01-01,8,Nou Barris,55,Ciutat Meridiana,309,3,2
2024-01-01,8,Nou Barris,55,Ciutat Meridiana,105,5,1
2024-01-01,8,Nou Barris,55,Ciutat Meridiana,132,5,2
2024-01-01,8,Nou Barris,55,Ciutat Meridiana,104,6,1
2024-01-01,8,Nou Barris,55,Ciutat Meridiana,129,6,2
2024-01-01,8,Nou Barris,55,Ciutat Meridiana,382,7,1
2024-01-01,8,Nou Barris,55,Ciutat Meridiana,289,7,2
2024-01-01,8,Nou Barris,55,Ciutat Meridiana,392,8,1
2024-01-01,8,Nou Barris,55,Ciutat Meridiana,356,8,2
2024-01-01,8,Nou Barris,55,Ciutat Meridiana,..,9,2
2024-01-01,8,Nou Barris,55,Ciutat Meridiana,..,10,1
2024-01-01,8,Nou Barris,55,Ciutat Meridiana,..,10,2
2024-01-01,8,Nou Barris,55,Ciutat Meridiana,38,11,1
2024-01-01,8,Nou Barris,55,Ciutat Meridiana,29,11,2
2024-01-01,8,Nou Barris,55,Ciutat Meridiana,204,12,1
2024-01-01,8,Nou Barris,55,Ciutat Meridiana,298,12,2
2024-01-01,8,Nou Barris,55,Ciutat Meridiana,13,13,1
2024-01-01,8,Nou Barris,55,Ciutat Meridiana,8,13,2
2024-01-01,8,Nou Barris,55,Ciutat Meridiana,36,14,1
2024-01-01,8,Nou Barris,55,Ciutat Meridiana,34,14,2
2024-01-01,8,Nou Barris,55,Ciutat Meridiana,147,15,1
2024-01-01,8,Nou Barris,55,Ciutat Meridiana,103,15,2
2024-01-01,8,Nou Barris,55,Ciutat Meridiana,7,16,1
2024-01-01,8,Nou Barris,55,Ciutat Meridiana,8,16,2
2024-01-01,8,Nou Barris,55,Ciutat Meridiana,3994,17,1
2024-01-01,8,Nou Barris,55,Ciutat Meridiana,3697,17,2
2024-01-01,8,Nou Barris,55,Ciutat Meridiana,12,18,1
2024-01-01,8,Nou Barris,55,Ciutat Meridiana,11,18,2
2024-01-01,8,Nou Barris,56,Vallbona,..,2,1
2024-01-01,8,Nou Barris,56,Vallbona,..,2,2
2024-01-01,8,Nou Barris,56,Vallbona,10,3,1
2024-01-01,8,Nou Barris,56,Vallbona,20,3,2
2024-01-01,8,Nou Barris,56,Vallbona,..,5,1
2024-01-01,8,Nou Barris,56,Vallbona,..,5,2
2024-01-01,8,Nou Barris,56,Vallbona,..,6,1
2024-01-01,8,Nou Barris,56,Vallbona,15,7,1
2024-01-01,8,Nou Barris,56,Vallbona,14,7,2
2024-01-01,8,Nou Barris,56,Vallbona,40,8,1
2024-01-01,8,Nou Barris,56,Vallbona,37,8,2
2024-01-01,8,Nou Barris,56,Vallbona,..,9,1
2024-01-01,8,Nou Barris,56,Vallbona,..,9,2
2024-01-01,8,Nou Barris,56,Vallbona,5,11,1
2024-01-01,8,Nou Barris,56,Vallbona,6,11,2
2024-01-01,8,Nou Barris,56,Vallbona,15,12,1
2024-01-01,8,Nou Barris,56,Vallbona,20,12,2
2024-01-01,8,Nou Barris,56,Vallbona,5,14,1
2024-01-01,8,Nou Barris,56,Vallbona,..,14,2
2024-01-01,8,Nou Barris,56,Vallbona,15,15,1
2024-01-01,8,Nou Barris,56,Vallbona,13,15,2
2024-01-01,8,Nou Barris,56,Vallbona,..,16,1
2024-01-01,8,Nou Barris,56,Vallbona,614,17,1
2024-01-01,8,Nou Barris,56,Vallbona,587,17,2
2024-01-01,8,Nou Barris,56,Vallbona,..,18,1
2024-01-01,8,Nou Barris,56,Vallbona,..,18,2
2024-01-01,8,Nou Barris,56,Vallbona,..,23,1
2024-01-01,9,Sant Andreu,57,la Trinitat Vella,..,1,1
2024-01-01,9,Sant Andreu,57,la Trinitat Vella,..,1,2
2024-01-01,9,Sant Andreu,57,la Trinitat Vella,..,2,1
2024-01-01,9,Sant Andreu,57,la Trinitat Vella,..,2,2
2024-01-01,9,Sant Andreu,57,la Trinitat Vella,216,3,1
2024-01-01,9,Sant Andreu,57,la Trinitat Vella,328,3,2
2024-01-01,9,Sant Andreu,57,la Trinitat Vella,48,5,1
2024-01-01,9,Sant Andreu,57,la Trinitat Vella,70,5,2
2024-01-01,9,Sant Andreu,57,la Trinitat Vella,29,6,1
2024-01-01,9,Sant Andreu,57,la Trinitat Vella,48,6,2
2024-01-01,9,Sant Andreu,57,la Trinitat Vella,148,7,1
2024-01-01,9,Sant Andreu,57,la Trinitat Vella,118,7,2
2024-01-01,9,Sant Andreu,57,la Trinitat Vella,428,8,1
2024-01-01,9,Sant Andreu,57,la Trinitat Vella,438,8,2
2024-01-01,9,Sant Andreu,57,la Trinitat Vella,..,9,1
2024-01-01,9,Sant Andreu,57,la Trinitat Vella,5,9,2
2024-01-01,9,Sant Andreu,57,la Trinitat Vella,..,10,1
2024-01-01,9,Sant Andreu,57,la Trinitat Vella,..,10,2
2024-01-01,9,Sant Andreu,57,la Trinitat Vella,43,11,1
2024-01-01,9,Sant Andreu,57,la Trinitat Vella,46,11,2
2024-01-01,9,Sant Andreu,57,la Trinitat Vella,306,12,1
2024-01-01,9,Sant Andreu,57,la Trinitat Vella,404,12,2
2024-01-01,9,Sant Andreu,57,la Trinitat Vella,11,13,1
2024-01-01,9,Sant Andreu,57,la Trinitat Vella,5,13,2
2024-01-01,9,Sant Andreu,57,la Trinitat Vella,50,14,1
2024-01-01,9,Sant Andreu,57,la Trinitat Vella,47,14,2
2024-01-01,9,Sant Andreu,57,la Trinitat Vella,142,15,1
2024-01-01,9,Sant Andreu,57,la Trinitat Vella,121,15,2
2024-01-01,9,Sant Andreu,57,la Trinitat Vella,10,16,1
2024-01-01,9,Sant Andreu,57,la Trinitat Vella,13,16,2
2024-01-01,9,Sant Andreu,57,la Trinitat Vella,3779,17,1
2024-01-01,9,Sant Andreu,57,la Trinitat Vella,3743,17,2
2024-01-01,9,Sant Andreu,57,la Trinitat Vella,27,18,1
2024-01-01,9,Sant Andreu,57,la Trinitat Vella,19,18,2
2024-01-01,9,Sant Andreu,57,la Trinitat Vella,..,23,1
2024-01-01,9,Sant Andreu,58,Baró de Viver,36,3,1
2024-01-01,9,Sant Andreu,58,Baró de Viver,32,3,2
2024-01-01,9,Sant Andreu,58,Baró de Viver,8,5,1
2024-01-01,9,Sant Andreu,58,Baró de Viver,9,5,2
2024-01-01,9,Sant Andreu,58,Baró de Viver,..,6,1
2024-01-01,9,Sant Andreu,58,Baró de Viver,..,6,2
2024-01-01,9,Sant Andreu,58,Baró de Viver,17,7,1
2024-01-01,9,Sant Andreu,58,Baró de Viver,6,7,2
2024-01-01,9,Sant Andreu,58,Baró de Viver,62,8,1
2024-01-01,9,Sant Andreu,58,Baró de Viver,55,8,2
2024-01-01,9,Sant Andreu,58,Baró de Viver,21,11,1
2024-01-01,9,Sant Andreu,58,Baró de Viver,22,11,2
2024-01-01,9,Sant Andreu,58,Baró de Viver,35,12,1
2024-01-01,9,Sant Andreu,58,Baró de Viver,30,12,2
2024-01-01,9,Sant Andreu,58,Baró de Viver,..,13,1
2024-01-01,9,Sant Andreu,58,Baró de Viver,8,14,1
2024-01-01,9,Sant Andreu,58,Baró de Viver,9,14,2
2024-01-01,9,Sant Andreu,58,Baró de Viver,22,15,1
2024-01-01,9,Sant Andreu,58,Baró de Viver,18,15,2
2024-01-01,9,Sant Andreu,58,Baró de Viver,..,16,1
2024-01-01,9,Sant Andreu,58,Baró de Viver,..,16,2
2024-01-01,9,Sant Andreu,58,Baró de Viver,1126,17,1
2024-01-01,9,Sant Andreu,58,Baró de Viver,1081,17,2
2024-01-01,9,Sant Andreu,58,Baró de Viver,..,18,1
2024-01-01,9,Sant Andreu,58,Baró de Viver,..,18,2
2024-01-01,9,Sant Andreu,59,el Bon Pastor,..,1,2
2024-01-01,9,Sant Andreu,59,el Bon Pastor,..,2,1
2024-01-01,9,Sant Andreu,59,el Bon Pastor,6,2,2
2024-01-01,9,Sant Andreu,59,el Bon Pastor,122,3,1
2024-01-01,9,Sant Andreu,59,el Bon Pastor,289,3,2
2024-01-01,9,Sant Andreu,59,el Bon Pastor,31,5,1
2024-01-01,9,Sant Andreu,59,el Bon Pastor,86,5,2
2024-01-01,9,Sant Andreu,59,el Bon Pastor,46,6,1
2024-01-01,9,Sant Andreu,59,el Bon Pastor,41,6,2
2024-01-01,9,Sant Andreu,59,el Bon Pastor,443,7,1
2024-01-01,9,Sant Andreu,59,el Bon Pastor,270,7,2
2024-01-01,9,Sant Andreu,59,el Bon Pastor,964,8,1
2024-01-01,9,Sant Andreu,59,el Bon Pastor,912,8,2
2024-01-01,9,Sant Andreu,59,el Bon Pastor,6,9,1
2024-01-01,9,Sant Andreu,59,el Bon Pastor,..,9,2
2024-01-01,9,Sant Andreu,59,el Bon Pastor,72,11,1
2024-01-01,9,Sant Andreu,59,el Bon Pastor,51,11,2
2024-01-01,9,Sant Andreu,59,el Bon Pastor,125,12,1
2024-01-01,9,Sant Andreu,59,el Bon Pastor,712,12,2
2024-01-01,9,Sant Andreu,59,el Bon Pastor,8,13,1
2024-01-01,9,Sant Andreu,59,el Bon Pastor,..,13,2
2024-01-01,9,Sant Andreu,59,el Bon Pastor,102,14,1
2024-01-01,9,Sant Andreu,59,el Bon Pastor,101,14,2
2024-01-01,9,Sant Andreu,59,el Bon Pastor,156,15,1
2024-01-01,9,Sant Andreu,59,el Bon Pastor,149,15,2
2024-01-01,9,Sant Andreu,59,el Bon Pastor,6,16,1
2024-01-01,9,Sant Andreu,59,el Bon Pastor,10,16,2
2024-01-01,9,Sant Andreu,59,el Bon Pastor,5662,17,1
2024-01-01,9,Sant Andreu,59,el Bon Pastor,5365,17,2
2024-01-01,9,Sant Andreu,59,el Bon Pastor,27,18,1
2024-01-01,9,Sant Andreu,59,el Bon Pastor,21,18,2
2024-01-01,9,Sant Andreu,59,el Bon Pastor,..,19,2
2024-01-01,9,Sant Andreu,59,el Bon Pastor,..,23,2
2024-01-01,9,Sant Andreu,60,Sant Andreu,..,1,1
2024-01-01,9,Sant Andreu,60,Sant Andreu,10,1,2
2024-01-01,9,Sant Andreu,60,Sant Andreu,11,2,1
2024-01-01,9,Sant Andreu,60,Sant Andreu,10,2,2
2024-01-01,9,Sant Andreu,60,Sant Andreu,128,3,1
2024-01-01,9,Sant Andreu,60,Sant Andreu,263,3,2
2024-01-01,9,Sant Andreu,60,Sant Andreu,..,4,1
2024-01-01,9,Sant Andreu,60,Sant Andreu,36,5,1
2024-01-01,9,Sant Andreu,60,Sant Andreu,179,5,2
2024-01-01,9,Sant Andreu,60,Sant Andreu,96,6,1
2024-01-01,9,Sant Andreu,60,Sant Andreu,97,6,2
2024-01-01,9,Sant Andreu,60,Sant Andreu,385,7,1
2024-01-01,9,Sant Andreu,60,Sant Andreu,225,7,2
2024-01-01,9,Sant Andreu,60,Sant Andreu,1238,8,1
2024-01-01,9,Sant Andreu,60,Sant Andreu,1135,8,2
2024-01-01,9,Sant Andreu,60,Sant Andreu,37,9,1
2024-01-01,9,Sant Andreu,60,Sant Andreu,27,9,2
2024-01-01,9,Sant Andreu,60,Sant Andreu,..,10,2
2024-01-01,9,Sant Andreu,60,Sant Andreu,231,11,1
2024-01-01,9,Sant Andreu,60,Sant Andreu,203,11,2
2024-01-01,9,Sant Andreu,60,Sant Andreu,165,12,1
2024-01-01,9,Sant Andreu,60,Sant Andreu,239,12,2
2024-01-01,9,Sant Andreu,60,Sant Andreu,27,13,1
2024-01-01,9,Sant Andreu,60,Sant Andreu,23,13,2
2024-01-01,9,Sant Andreu,60,Sant Andreu,157,14,1
2024-01-01,9,Sant Andreu,60,Sant Andreu,130,14,2
2024-01-01,9,Sant Andreu,60,Sant Andreu,357,15,1
2024-01-01,9,Sant Andreu,60,Sant Andreu,237,15,2
2024-01-01,9,Sant Andreu,60,Sant Andreu,51,16,1
2024-01-01,9,Sant Andreu,60,Sant Andreu,72,16,2
2024-01-01,9,Sant Andreu,60,Sant Andreu,27859,17,1
2024-01-01,9,Sant Andreu,60,Sant Andreu,24703,17,2
2024-01-01,9,Sant Andreu,60,Sant Andreu,154,18,1
2024-01-01,9,Sant Andreu,60,Sant Andreu,149,18,2
2024-01-01,9,Sant Andreu,60,Sant Andreu,..,19,1
2024-01-01,9,Sant Andreu,60,Sant Andreu,..,19,2
2024-01-01,9,Sant Andreu,60,Sant Andreu,..,20,2
2024-01-01,9,Sant Andreu,60,Sant Andreu,..,23,1
2024-01-01,9,Sant Andreu,60,Sant Andreu,..,23,2
2024-01-01,9,Sant Andreu,61,la Sagrera,..,1,2
2024-01-01,9,Sant Andreu,61,la Sagrera,8,2,1
2024-01-01,9,Sant Andreu,61,la Sagrera,..,2,2
2024-01-01,9,Sant Andreu,61,la Sagrera,62,3,1
2024-01-01,9,Sant Andreu,61,la Sagrera,90,3,2
2024-01-01,9,Sant Andreu,61,la Sagrera,14,5,1
2024-01-01,9,Sant Andreu,61,la Sagrera,50,5,2
2024-01-01,9,Sant Andreu,61,la Sagrera,82,6,1
2024-01-01,9,Sant Andreu,61,la Sagrera,111,6,2
2024-01-01,9,Sant Andreu,61,la Sagrera,287,7,1
2024-01-01,9,Sant Andreu,61,la Sagrera,169,7,2
2024-01-01,9,Sant Andreu,61,la Sagrera,1202,8,1
2024-01-01,9,Sant Andreu,61,la Sagrera,1067,8,2
2024-01-01,9,Sant Andreu,61,la Sagrera,20,9,1
2024-01-01,9,Sant Andreu,61,la Sagrera,20,9,2
2024-01-01,9,Sant Andreu,61,la Sagrera,6,10,1
2024-01-01,9,Sant Andreu,61,la Sagrera,7,10,2
2024-01-01,9,Sant Andreu,61,la Sagrera,371,11,1
2024-01-01,9,Sant Andreu,61,la Sagrera,317,11,2
2024-01-01,9,Sant Andreu,61,la Sagrera,79,12,1
2024-01-01,9,Sant Andreu,61,la Sagrera,128,12,2
2024-01-01,9,Sant Andreu,61,la Sagrera,41,13,1
2024-01-01,9,Sant Andreu,61,la Sagrera,24,13,2
2024-01-01,9,Sant Andreu,61,la Sagrera,95,14,1
2024-01-01,9,Sant Andreu,61,la Sagrera,115,14,2
2024-01-01,9,Sant Andreu,61,la Sagrera,290,15,1
2024-01-01,9,Sant Andreu,61,la Sagrera,191,15,2
2024-01-01,9,Sant Andreu,61,la Sagrera,41,16,1
2024-01-01,9,Sant Andreu,61,la Sagrera,41,16,2
2024-01-01,9,Sant Andreu,61,la Sagrera,13396,17,1
2024-01-01,9,Sant Andreu,61,la Sagrera,11864,17,2
2024-01-01,9,Sant Andreu,61,la Sagrera,104,18,1
2024-01-01,9,Sant Andreu,61,la Sagrera,94,18,2
2024-01-01,9,Sant Andreu,61,la Sagrera,..,23,1
2024-01-01,9,Sant Andreu,62,el Congrés i els Indians,..,1,1
2024-01-01,9,Sant Andreu,62,el Congrés i els Indians,..,1,2
2024-01-01,9,Sant Andreu,62,el Congrés i els Indians,..,2,1
2024-01-01,9,Sant Andreu,62,el Congrés i els Indians,..,2,2
2024-01-01,9,Sant Andreu,62,el Congrés i els Indians,32,3,1
2024-01-01,9,Sant Andreu,62,el Congrés i els Indians,79,3,2
2024-01-01,9,Sant Andreu,62,el Congrés i els Indians,..,4,2
2024-01-01,9,Sant Andreu,62,el Congrés i els Indians,..,5,1
2024-01-01,9,Sant Andreu,62,el Congrés i els Indians,26,5,2
2024-01-01,9,Sant Andreu,62,el Congrés i els Indians,32,6,1
2024-01-01,9,Sant Andreu,62,el Congrés i els Indians,32,6,2
2024-01-01,9,Sant Andreu,62,el Congrés i els Indians,136,7,1
2024-01-01,9,Sant Andreu,62,el Congrés i els Indians,75,7,2
2024-01-01,9,Sant Andreu,62,el Congrés i els Indians,519,8,1
2024-01-01,9,Sant Andreu,62,el Congrés i els Indians,476,8,2
2024-01-01,9,Sant Andreu,62,el Congrés i els Indians,17,9,1
2024-01-01,9,Sant Andreu,62,el Congrés i els Indians,..,9,2
2024-01-01,9,Sant Andreu,62,el Congrés i els Indians,..,10,1
2024-01-01,9,Sant Andreu,62,el Congrés i els Indians,..,10,2
2024-01-01,9,Sant Andreu,62,el Congrés i els Indians,144,11,1
2024-01-01,9,Sant Andreu,62,el Congrés i els Indians,105,11,2
2024-01-01,9,Sant Andreu,62,el Congrés i els Indians,48,12,1
2024-01-01,9,Sant Andreu,62,el Congrés i els Indians,74,12,2
2024-01-01,9,Sant Andreu,62,el Congrés i els Indians,9,13,1
2024-01-01,9,Sant Andreu,62,el Congrés i els Indians,..,13,2
2024-01-01,9,Sant Andreu,62,el Congrés i els Indians,58,14,1
2024-01-01,9,Sant Andreu,62,el Congrés i els Indians,54,14,2
2024-01-01,9,Sant Andreu,62,el Congrés i els Indians,159,15,1
2024-01-01,9,Sant Andreu,62,el Congrés i els Indians,126,15,2
2024-01-01,9,Sant Andreu,62,el Congrés i els Indians,25,16,1
2024-01-01,9,Sant Andreu,62,el Congrés i els Indians,30,16,2
2024-01-01,9,Sant Andreu,62,el Congrés i els Indians,6632,17,1
2024-01-01,9,Sant Andreu,62,el Congrés i els Indians,5926,17,2
2024-01-01,9,Sant Andreu,62,el Congrés i els Indians,50,18,1
2024-01-01,9,Sant Andreu,62,el Congrés i els Indians,54,18,2
2024-01-01,9,Sant Andreu,62,el Congrés i els Indians,..,23,1
2024-01-01,9,Sant Andreu,63,Navas,..,1,1
2024-01-01,9,Sant Andreu,63,Navas,..,1,2
2024-01-01,9,Sant Andreu,63,Navas,..,2,1
2024-01-01,9,Sant Andreu,63,Navas,6,2,2
2024-01-01,9,Sant Andreu,63,Navas,41,3,1
2024-01-01,9,Sant Andreu,63,Navas,92,3,2
2024-01-01,9,Sant Andreu,63,Navas,..,4,2
2024-01-01,9,Sant Andreu,63,Navas,15,5,1
2024-01-01,9,Sant Andreu,63,Navas,42,5,2
2024-01-01,9,Sant Andreu,63,Navas,68,6,1
2024-01-01,9,Sant Andreu,63,Navas,90,6,2
2024-01-01,9,Sant Andreu,63,Navas,137,7,1
2024-01-01,9,Sant Andreu,63,Navas,80,7,2
2024-01-01,9,Sant Andreu,63,Navas,745,8,1
2024-01-01,9,Sant Andreu,63,Navas,625,8,2
2024-01-01,9,Sant Andreu,63,Navas,21,9,1
2024-01-01,9,Sant Andreu,63,Navas,29,9,2
2024-01-01,9,Sant Andreu,63,Navas,..,10,1
2024-01-01,9,Sant Andreu,63,Navas,..,10,2
2024-01-01,9,Sant Andreu,63,Navas,317,11,1
2024-01-01,9,Sant Andreu,63,Navas,288,11,2
2024-01-01,9,Sant Andreu,63,Navas,56,12,1
2024-01-01,9,Sant Andreu,63,Navas,101,12,2
2024-01-01,9,Sant Andreu,63,Navas,15,13,1
2024-01-01,9,Sant Andreu,63,Navas,13,13,2
2024-01-01,9,Sant Andreu,63,Navas,59,14,1
2024-01-01,9,Sant Andreu,63,Navas,56,14,2
2024-01-01,9,Sant Andreu,63,Navas,217,15,1
2024-01-01,9,Sant Andreu,63,Navas,133,15,2
2024-01-01,9,Sant Andreu,63,Navas,40,16,1
2024-01-01,9,Sant Andreu,63,Navas,64,16,2
2024-01-01,9,Sant Andreu,63,Navas,10057,17,1
2024-01-01,9,Sant Andreu,63,Navas,8786,17,2
2024-01-01,9,Sant Andreu,63,Navas,85,18,1
2024-01-01,9,Sant Andreu,63,Navas,118,18,2
2024-01-01,9,Sant Andreu,63,Navas,..,19,1
2024-01-01,9,Sant Andreu,63,Navas,..,19,2
2024-01-01,9,Sant Andreu,63,Navas,..,23,1
2024-01-01,9,Sant Andreu,63,Navas,..,23,2
2024-01-01,10,Sant Martí,64,el Camp de l'Arpa del Clot,..,1,1
2024-01-01,10,Sant Martí,64,el Camp de l'Arpa del Clot,..,1,2
2024-01-01,10,Sant Martí,64,el Camp de l'Arpa del Clot,..,2,1
2024-01-01,10,Sant Martí,64,el Camp de l'Arpa del Clot,..,2,2
2024-01-01,10,Sant Martí,64,el Camp de l'Arpa del Clot,141,3,1
2024-01-01,10,Sant Martí,64,el Camp de l'Arpa del Clot,254,3,2
2024-01-01,10,Sant Martí,64,el Camp de l'Arpa del Clot,..,4,1
2024-01-01,10,Sant Martí,64,el Camp de l'Arpa del Clot,..,4,2
2024-01-01,10,Sant Martí,64,el Camp de l'Arpa del Clot,12,5,1
2024-01-01,10,Sant Martí,64,el Camp de l'Arpa del Clot,80,5,2
2024-01-01,10,Sant Martí,64,el Camp de l'Arpa del Clot,100,6,1
2024-01-01,10,Sant Martí,64,el Camp de l'Arpa del Clot,117,6,2
2024-01-01,10,Sant Martí,64,el Camp de l'Arpa del Clot,262,7,1
2024-01-01,10,Sant Martí,64,el Camp de l'Arpa del Clot,178,7,2
2024-01-01,10,Sant Martí,64,el Camp de l'Arpa del Clot,1612,8,1
2024-01-01,10,Sant Martí,64,el Camp de l'Arpa del Clot,1369,8,2
2024-01-01,10,Sant Martí,64,el Camp de l'Arpa del Clot,47,9,1
2024-01-01,10,Sant Martí,64,el Camp de l'Arpa del Clot,45,9,2
2024-01-01,10,Sant Martí,64,el Camp de l'Arpa del Clot,7,10,1
2024-01-01,10,Sant Martí,64,el Camp de l'Arpa del Clot,..,10,2
2024-01-01,10,Sant Martí,64,el Camp de l'Arpa del Clot,423,11,1
2024-01-01,10,Sant Martí,64,el Camp de l'Arpa del Clot,362,11,2
2024-01-01,10,Sant Martí,64,el Camp de l'Arpa del Clot,163,12,1
2024-01-01,10,Sant Martí,64,el Camp de l'Arpa del Clot,219,12,2
2024-01-01,10,Sant Martí,64,el Camp de l'Arpa del Clot,64,13,1
2024-01-01,10,Sant Martí,64,el Camp de l'Arpa del Clot,42,13,2
2024-01-01,10,Sant Martí,64,el Camp de l'Arpa del Clot,123,14,1
2024-01-01,10,Sant Martí,64,el Camp de l'Arpa del Clot,126,14,2
2024-01-01,10,Sant Martí,64,el Camp de l'Arpa del Clot,437,15,1
2024-01-01,10,Sant Martí,64,el Camp de l'Arpa del Clot,299,15,2
2024-01-01,10,Sant Martí,64,el Camp de l'Arpa del Clot,131,16,1
2024-01-01,10,Sant Martí,64,el Camp de l'Arpa del Clot,192,16,2
2024-01-01,10,Sant Martí,64,el Camp de l'Arpa del Clot,16837,17,1
2024-01-01,10,Sant Martí,64,el Camp de l'Arpa del Clot,14615,17,2
2024-01-01,10,Sant Martí,64,el Camp de l'Arpa del Clot,359,18,1
2024-01-01,10,Sant Martí,64,el Camp de l'Arpa del Clot,411,18,2
2024-01-01,10,Sant Martí,64,el Camp de l'Arpa del Clot,6,19,1
2024-01-01,10,Sant Martí,64,el Camp de l'Arpa del Clot,..,19,2
2024-01-01,10,Sant Martí,64,el Camp de l'Arpa del Clot,..,23,1
2024-01-01,10,Sant Martí,64,el Camp de l'Arpa del Clot,..,23,2
2024-01-01,10,Sant Martí,65,el Clot,..,1,1
2024-01-01,10,Sant Martí,65,el Clot,..,1,2
2024-01-01,10,Sant Martí,65,el Clot,..,2,1
2024-01-01,10,Sant Martí,65,el Clot,..,2,2
2024-01-01,10,Sant Martí,65,el Clot,99,3,1
2024-01-01,10,Sant Martí,65,el Clot,184,3,2
2024-01-01,10,Sant Martí,65,el Clot,..,4,1
2024-01-01,10,Sant Martí,65,el Clot,..,4,2
2024-01-01,10,Sant Martí,65,el Clot,..,5,1
2024-01-01,10,Sant Martí,65,el Clot,28,5,2
2024-01-01,10,Sant Martí,65,el Clot,51,6,1
2024-01-01,10,Sant Martí,65,el Clot,62,6,2
2024-01-01,10,Sant Martí,65,el Clot,124,7,1
2024-01-01,10,Sant Martí,65,el Clot,77,7,2
2024-01-01,10,Sant Martí,65,el Clot,883,8,1
2024-01-01,10,Sant Martí,65,el Clot,696,8,2
2024-01-01,10,Sant Martí,65,el Clot,33,9,1
2024-01-01,10,Sant Martí,65,el Clot,24,9,2
2024-01-01,10,Sant Martí,65,el Clot,9,10,1
2024-01-01,10,Sant Martí,65,el Clot,..,10,2
2024-01-01,10,Sant Martí,65,el Clot,247,11,1
2024-01-01,10,Sant Martí,65,el Clot,191,11,2
2024-01-01,10,Sant Martí,65,el Clot,84,12,1
2024-01-01,10,Sant Martí,65,el Clot,133,12,2
2024-01-01,10,Sant Martí,65,el Clot,30,13,1
2024-01-01,10,Sant Martí,65,el Clot,13,13,2
2024-01-01,10,Sant Martí,65,el Clot,57,14,1
2024-01-01,10,Sant Martí,65,el Clot,51,14,2
2024-01-01,10,Sant Martí,65,el Clot,321,15,1
2024-01-01,10,Sant Martí,65,el Clot,198,15,2
2024-01-01,10,Sant Martí,65,el Clot,90,16,1
2024-01-01,10,Sant Martí,65,el Clot,113,16,2
2024-01-01,10,Sant Martí,65,el Clot,11797,17,1
2024-01-01,10,Sant Martí,65,el Clot,10730,17,2
2024-01-01,10,Sant Martí,65,el Clot,188,18,1
2024-01-01,10,Sant Martí,65,el Clot,225,18,2
2024-01-01,10,Sant Martí,65,el Clot,..,19,1
2024-01-01,10,Sant Martí,65,el Clot,5,19,2
2024-01-01,10,Sant Martí,65,el Clot,..,23,1
2024-01-01,10,Sant Martí,66,el Parc i la Llacuna del Poblenou,..,1,1
2024-01-01,10,Sant Martí,66,el Parc i la Llacuna del Poblenou,5,1,2
2024-01-01,10,Sant Martí,66,el Parc i la Llacuna del Poblenou,9,2,1
2024-01-01,10,Sant Martí,66,el Parc i la Llacuna del Poblenou,7,2,2
2024-01-01,10,Sant Martí,66,el Parc i la Llacuna del Poblenou,98,3,1
2024-01-01,10,Sant Martí,66,el Parc i la Llacuna del Poblenou,129,3,2
2024-01-01,10,Sant Martí,66,el Parc i la Llacuna del Poblenou,..,4,1
2024-01-01,10,Sant Martí,66,el Parc i la Llacuna del Poblenou,..,4,2
2024-01-01,10,Sant Martí,66,el Parc i la Llacuna del Poblenou,12,5,1
2024-01-01,10,Sant Martí,66,el Parc i la Llacuna del Poblenou,32,5,2
2024-01-01,10,Sant Martí,66,el Parc i la Llacuna del Poblenou,28,6,1
2024-01-01,10,Sant Martí,66,el Parc i la Llacuna del Poblenou,25,6,2
2024-01-01,10,Sant Martí,66,el Parc i la Llacuna del Poblenou,91,7,1
2024-01-01,10,Sant Martí,66,el Parc i la Llacuna del Poblenou,72,7,2
2024-01-01,10,Sant Martí,66,el Parc i la Llacuna del Poblenou,513,8,1
2024-01-01,10,Sant Martí,66,el Parc i la Llacuna del Poblenou,394,8,2
2024-01-01,10,Sant Martí,66,el Parc i la Llacuna del Poblenou,66,9,1
2024-01-01,10,Sant Martí,66,el Parc i la Llacuna del Poblenou,58,9,2
2024-01-01,10,Sant Martí,66,el Parc i la Llacuna del Poblenou,6,10,1
2024-01-01,10,Sant Martí,66,el Parc i la Llacuna del Poblenou,7,10,2
2024-01-01,10,Sant Martí,66,el Parc i la Llacuna del Poblenou,195,11,1
2024-01-01,10,Sant Martí,66,el Parc i la Llacuna del Poblenou,171,11,2
2024-01-01,10,Sant Martí,66,el Parc i la Llacuna del Poblenou,72,12,1
2024-01-01,10,Sant Martí,66,el Parc i la Llacuna del Poblenou,99,12,2
2024-01-01,10,Sant Martí,66,el Parc i la Llacuna del Poblenou,19,13,1
2024-01-01,10,Sant Martí,66,el Parc i la Llacuna del Poblenou,13,13,2
2024-01-01,10,Sant Martí,66,el Parc i la Llacuna del Poblenou,91,14,1
2024-01-01,10,Sant Martí,66,el Parc i la Llacuna del Poblenou,146,14,2
2024-01-01,10,Sant Martí,66,el Parc i la Llacuna del Poblenou,344,15,1
2024-01-01,10,Sant Martí,66,el Parc i la Llacuna del Poblenou,258,15,2
2024-01-01,10,Sant Martí,66,el Parc i la Llacuna del Poblenou,159,16,1
2024-01-01,10,Sant Martí,66,el Parc i la Llacuna del Poblenou,179,16,2
2024-01-01,10,Sant Martí,66,el Parc i la Llacuna del Poblenou,6848,17,1
2024-01-01,10,Sant Martí,66,el Parc i la Llacuna del Poblenou,6289,17,2
2024-01-01,10,Sant Martí,66,el Parc i la Llacuna del Poblenou,276,18,1
2024-01-01,10,Sant Martí,66,el Parc i la Llacuna del Poblenou,300,18,2
2024-01-01,10,Sant Martí,66,el Parc i la Llacuna del Poblenou,7,19,1
2024-01-01,10,Sant Martí,66,el Parc i la Llacuna del Poblenou,7,19,2
2024-01-01,10,Sant Martí,66,el Parc i la Llacuna del Poblenou,..,20,2
2024-01-01,10,Sant Martí,66,el Parc i la Llacuna del Poblenou,..,23,1
2024-01-01,10,Sant Martí,66,el Parc i la Llacuna del Poblenou,..,23,2
2024-01-01,10,Sant Martí,67,la Vila Olímpica del Poblenou,..,1,1
2024-01-01,10,Sant Martí,67,la Vila Olímpica del Poblenou,..,1,2
2024-01-01,10,Sant Martí,67,la Vila Olímpica del Poblenou,18,3,1
2024-01-01,10,Sant Martí,67,la Vila Olímpica del Poblenou,19,3,2
2024-01-01,10,Sant Martí,67,la Vila Olímpica del Poblenou,..,4,2
2024-01-01,10,Sant Martí,67,la Vila Olímpica del Poblenou,..,5,1
2024-01-01,10,Sant Martí,67,la Vila Olímpica del Poblenou,..,5,2
2024-01-01,10,Sant Martí,67,la Vila Olímpica del Poblenou,..,6,1
2024-01-01,10,Sant Martí,67,la Vila Olímpica del Poblenou,..,6,2
2024-01-01,10,Sant Martí,67,la Vila Olímpica del Poblenou,19,7,1
2024-01-01,10,Sant Martí,67,la Vila Olímpica del Poblenou,20,7,2
2024-01-01,10,Sant Martí,67,la Vila Olímpica del Poblenou,171,8,1
2024-01-01,10,Sant Martí,67,la Vila Olímpica del Poblenou,136,8,2
2024-01-01,10,Sant Martí,67,la Vila Olímpica del Poblenou,44,9,1
2024-01-01,10,Sant Martí,67,la Vila Olímpica del Poblenou,47,9,2
2024-01-01,10,Sant Martí,67,la Vila Olímpica del Poblenou,10,10,1
2024-01-01,10,Sant Martí,67,la Vila Olímpica del Poblenou,..,10,2
2024-01-01,10,Sant Martí,67,la Vila Olímpica del Poblenou,53,11,1
2024-01-01,10,Sant Martí,67,la Vila Olímpica del Poblenou,28,11,2
2024-01-01,10,Sant Martí,67,la Vila Olímpica del Poblenou,11,12,1
2024-01-01,10,Sant Martí,67,la Vila Olímpica del Poblenou,29,12,2
2024-01-01,10,Sant Martí,67,la Vila Olímpica del Poblenou,5,13,1
2024-01-01,10,Sant Martí,67,la Vila Olímpica del Poblenou,28,14,1
2024-01-01,10,Sant Martí,67,la Vila Olímpica del Poblenou,47,14,2
2024-01-01,10,Sant Martí,67,la Vila Olímpica del Poblenou,201,15,1
2024-01-01,10,Sant Martí,67,la Vila Olímpica del Poblenou,150,15,2
2024-01-01,10,Sant Martí,67,la Vila Olímpica del Poblenou,86,16,1
2024-01-01,10,Sant Martí,67,la Vila Olímpica del Poblenou,108,16,2
2024-01-01,10,Sant Martí,67,la Vila Olímpica del Poblenou,3896,17,1
2024-01-01,10,Sant Martí,67,la Vila Olímpica del Poblenou,3789,17,2
2024-01-01,10,Sant Martí,67,la Vila Olímpica del Poblenou,188,18,1
2024-01-01,10,Sant Martí,67,la Vila Olímpica del Poblenou,226,18,2
2024-01-01,10,Sant Martí,67,la Vila Olímpica del Poblenou,..,19,1
2024-01-01,10,Sant Martí,67,la Vila Olímpica del Poblenou,14,19,2
2024-01-01,10,Sant Martí,67,la Vila Olímpica del Poblenou,..,23,1
2024-01-01,10,Sant Martí,67,la Vila Olímpica del Poblenou,..,23,2
2024-01-01,10,Sant Martí,68,el Poblenou,..,1,1
2024-01-01,10,Sant Martí,68,el Poblenou,..,1,2
2024-01-01,10,Sant Martí,68,el Poblenou,..,2,1
2024-01-01,10,Sant Martí,68,el Poblenou,..,2,2
2024-01-01,10,Sant Martí,68,el Poblenou,100,3,1
2024-01-01,10,Sant Martí,68,el Poblenou,162,3,2
2024-01-01,10,Sant Martí,68,el Poblenou,8,4,1
2024-01-01,10,Sant Martí,68,el Poblenou,7,4,2
2024-01-01,10,Sant Martí,68,el Poblenou,13,5,1
2024-01-01,10,Sant Martí,68,el Poblenou,34,5,2
2024-01-01,10,Sant Martí,68,el Poblenou,21,6,1
2024-01-01,10,Sant Martí,68,el Poblenou,21,6,2
2024-01-01,10,Sant Martí,68,el Poblenou,121,7,1
2024-01-01,10,Sant Martí,68,el Poblenou,72,7,2
2024-01-01,10,Sant Martí,68,el Poblenou,867,8,1
2024-01-01,10,Sant Martí,68,el Poblenou,709,8,2
2024-01-01,10,Sant Martí,68,el Poblenou,117,9,1
2024-01-01,10,Sant Martí,68,el Poblenou,114,9,2
2024-01-01,10,Sant Martí,68,el Poblenou,17,10,1
2024-01-01,10,Sant Martí,68,el Poblenou,11,10,2
2024-01-01,10,Sant Martí,68,el Poblenou,212,11,1
2024-01-01,10,Sant Martí,68,el Poblenou,178,11,2
2024-01-01,10,Sant Martí,68,el Poblenou,149,12,1
2024-01-01,10,Sant Martí,68,el Poblenou,221,12,2
2024-01-01,10,Sant Martí,68,el Poblenou,34,13,1
2024-01-01,10,Sant Martí,68,el Poblenou,19,13,2
2024-01-01,10,Sant Martí,68,el Poblenou,104,14,1
2024-01-01,10,Sant Martí,68,el Poblenou,93,14,2
2024-01-01,10,Sant Martí,68,el Poblenou,677,15,1
2024-01-01,10,Sant Martí,68,el Poblenou,526,15,2
2024-01-01,10,Sant Martí,68,el Poblenou,337,16,1
2024-01-01,10,Sant Martí,68,el Poblenou,378,16,2
2024-01-01,10,Sant Martí,68,el Poblenou,14426,17,1
2024-01-01,10,Sant Martí,68,el Poblenou,13375,17,2
2024-01-01,10,Sant Martí,68,el Poblenou,668,18,1
2024-01-01,10,Sant Martí,68,el Poblenou,723,18,2
2024-01-01,10,Sant Martí,68,el Poblenou,16,19,1
2024-01-01,10,Sant Martí,68,el Poblenou,21,19,2
2024-01-01,10,Sant Martí,68,el Poblenou,..,23,1
2024-01-01,10,Sant Martí,68,el Poblenou,..,23,2
2024-01-01,10,Sant Martí,69,Diagonal Mar i el Front Marítim del Poblenou,..,1,2
2024-01-01,10,Sant Martí,69,Diagonal Mar i el Front Marítim del Poblenou,..,2,2
2024-01-01,10,Sant Martí,69,Diagonal Mar i el Front Marítim del Poblenou,46,3,1
2024-01-01,10,Sant Martí,69,Diagonal Mar i el Front Marítim del Poblenou,62,3,2
2024-01-01,10,Sant Martí,69,Diagonal Mar i el Front Marítim del Poblenou,..,5,1
2024-01-01,10,Sant Martí,69,Diagonal Mar i el Front Marítim del Poblenou,5,5,2
2024-01-01,10,Sant Martí,69,Diagonal Mar i el Front Marítim del Poblenou,9,6,1
2024-01-01,10,Sant Martí,69,Diagonal Mar i el Front Marítim del Poblenou,14,6,2
2024-01-01,10,Sant Martí,69,Diagonal Mar i el Front Marítim del Poblenou,30,7,1
2024-01-01,10,Sant Martí,69,Diagonal Mar i el Front Marítim del Poblenou,19,7,2
2024-01-01,10,Sant Martí,69,Diagonal Mar i el Front Marítim del Poblenou,257,8,1
2024-01-01,10,Sant Martí,69,Diagonal Mar i el Front Marítim del Poblenou,212,8,2
2024-01-01,10,Sant Martí,69,Diagonal Mar i el Front Marítim del Poblenou,39,9,1
2024-01-01,10,Sant Martí,69,Diagonal Mar i el Front Marítim del Poblenou,38,9,2
2024-01-01,10,Sant Martí,69,Diagonal Mar i el Front Marítim del Poblenou,..,10,2
2024-01-01,10,Sant Martí,69,Diagonal Mar i el Front Marítim del Poblenou,104,11,1
2024-01-01,10,Sant Martí,69,Diagonal Mar i el Front Marítim del Poblenou,79,11,2
2024-01-01,10,Sant Martí,69,Diagonal Mar i el Front Marítim del Poblenou,45,12,1
2024-01-01,10,Sant Martí,69,Diagonal Mar i el Front Marítim del Poblenou,66,12,2
2024-01-01,10,Sant Martí,69,Diagonal Mar i el Front Marítim del Poblenou,5,13,1
2024-01-01,10,Sant Martí,69,Diagonal Mar i el Front Marítim del Poblenou,..,13,2
2024-01-01,10,Sant Martí,69,Diagonal Mar i el Front Marítim del Poblenou,39,14,1
2024-01-01,10,Sant Martí,69,Diagonal Mar i el Front Marítim del Poblenou,44,14,2
2024-01-01,10,Sant Martí,69,Diagonal Mar i el Front Marítim del Poblenou,515,15,1
2024-01-01,10,Sant Martí,69,Diagonal Mar i el Front Marítim del Poblenou,387,15,2
2024-01-01,10,Sant Martí,69,Diagonal Mar i el Front Marítim del Poblenou,83,16,1
2024-01-01,10,Sant Martí,69,Diagonal Mar i el Front Marítim del Poblenou,136,16,2
2024-01-01,10,Sant Martí,69,Diagonal Mar i el Front Marítim del Poblenou,5592,17,1
2024-01-01,10,Sant Martí,69,Diagonal Mar i el Front Marítim del Poblenou,5283,17,2
2024-01-01,10,Sant Martí,69,Diagonal Mar i el Front Marítim del Poblenou,155,18,1
2024-01-01,10,Sant Martí,69,Diagonal Mar i el Front Marítim del Poblenou,213,18,2
2024-01-01,10,Sant Martí,69,Diagonal Mar i el Front Marítim del Poblenou,..,19,2
2024-01-01,10,Sant Martí,69,Diagonal Mar i el Front Marítim del Poblenou,..,20,2
2024-01-01,10,Sant Martí,69,Diagonal Mar i el Front Marítim del Poblenou,..,23,1
2024-01-01,10,Sant Martí,70,el Besòs i el Maresme,..,1,1
2024-01-01,10,Sant Martí,70,el Besòs i el Maresme,..,1,2
2024-01-01,10,Sant Martí,70,el Besòs i el Maresme,7,2,1
2024-01-01,10,Sant Martí,70,el Besòs i el Maresme,12,2,2
2024-01-01,10,Sant Martí,70,el Besòs i el Maresme,385,3,1
2024-01-01,10,Sant Martí,70,el Besòs i el Maresme,806,3,2
2024-01-01,10,Sant Martí,70,el Besòs i el Maresme,5,4,2
2024-01-01,10,Sant Martí,70,el Besòs i el Maresme,78,5,1
2024-01-01,10,Sant Martí,70,el Besòs i el Maresme,458,5,2
2024-01-01,10,Sant Martí,70,el Besòs i el Maresme,102,6,1
2024-01-01,10,Sant Martí,70,el Besòs i el Maresme,77,6,2
2024-01-01,10,Sant Martí,70,el Besòs i el Maresme,547,7,1
2024-01-01,10,Sant Martí,70,el Besòs i el Maresme,320,7,2
2024-01-01,10,Sant Martí,70,el Besòs i el Maresme,1467,8,1
2024-01-01,10,Sant Martí,70,el Besòs i el Maresme,1331,8,2
2024-01-01,10,Sant Martí,70,el Besòs i el Maresme,30,9,1
2024-01-01,10,Sant Martí,70,el Besòs i el Maresme,13,9,2
2024-01-01,10,Sant Martí,70,el Besòs i el Maresme,14,10,1
2024-01-01,10,Sant Martí,70,el Besòs i el Maresme,22,10,2
2024-01-01,10,Sant Martí,70,el Besòs i el Maresme,261,11,1
2024-01-01,10,Sant Martí,70,el Besòs i el Maresme,209,11,2
2024-01-01,10,Sant Martí,70,el Besòs i el Maresme,1088,12,1
2024-01-01,10,Sant Martí,70,el Besòs i el Maresme,3200,12,2
2024-01-01,10,Sant Martí,70,el Besòs i el Maresme,23,13,1
2024-01-01,10,Sant Martí,70,el Besòs i el Maresme,12,13,2
2024-01-01,10,Sant Martí,70,el Besòs i el Maresme,126,14,1
2024-01-01,10,Sant Martí,70,el Besòs i el Maresme,161,14,2
2024-01-01,10,Sant Martí,70,el Besòs i el Maresme,767,15,1
2024-01-01,10,Sant Martí,70,el Besòs i el Maresme,592,15,2
2024-01-01,10,Sant Martí,70,el Besòs i el Maresme,70,16,1
2024-01-01,10,Sant Martí,70,el Besòs i el Maresme,71,16,2
2024-01-01,10,Sant Martí,70,el Besòs i el Maresme,9095,17,1
2024-01-01,10,Sant Martí,70,el Besòs i el Maresme,8929,17,2
2024-01-01,10,Sant Martí,70,el Besòs i el Maresme,76,18,1
2024-01-01,10,Sant Martí,70,el Besòs i el Maresme,115,18,2
2024-01-01,10,Sant Martí,70,el Besòs i el Maresme,..,19,1
2024-01-01,10,Sant Martí,70,el Besòs i el Maresme,..,19,2
2024-01-01,10,Sant Martí,70,el Besòs i el Maresme,..,23,1
2024-01-01,10,Sant Martí,70,el Besòs i el Maresme,5,23,2
2024-01-01,10,Sant Martí,71,Provençals del Poblenou,..,1,1
2024-01-01,10,Sant Martí,71,Provençals del Poblenou,..,2,1
2024-01-01,10,Sant Martí,71,Provençals del Poblenou,..,2,2
2024-01-01,10,Sant Martí,71,Provençals del Poblenou,121,3,1
2024-01-01,10,Sant Martí,71,Provençals del Poblenou,198,3,2
2024-01-01,10,Sant Martí,71,Provençals del Poblenou,..,4,1
2024-01-01,10,Sant Martí,71,Provençals del Poblenou,16,5,1
2024-01-01,10,Sant Martí,71,Provençals del Poblenou,32,5,2
2024-01-01,10,Sant Martí,71,Provençals del Poblenou,30,6,1
2024-01-01,10,Sant Martí,71,Provençals del Poblenou,48,6,2
2024-01-01,10,Sant Martí,71,Provençals del Poblenou,110,7,1
2024-01-01,10,Sant Martí,71,Provençals del Poblenou,73,7,2
2024-01-01,10,Sant Martí,71,Provençals del Poblenou,604,8,1
2024-01-01,10,Sant Martí,71,Provençals del Poblenou,532,8,2
2024-01-01,10,Sant Martí,71,Provençals del Poblenou,35,9,1
2024-01-01,10,Sant Martí,71,Provençals del Poblenou,26,9,2
2024-01-01,10,Sant Martí,71,Provençals del Poblenou,5,10,1
2024-01-01,10,Sant Martí,71,Provençals del Poblenou,6,10,2
2024-01-01,10,Sant Martí,71,Provençals del Poblenou,126,11,1
2024-01-01,10,Sant Martí,71,Provençals del Poblenou,124,11,2
2024-01-01,10,Sant Martí,71,Provençals del Poblenou,117,12,1
2024-01-01,10,Sant Martí,71,Provençals del Poblenou,160,12,2
2024-01-01,10,Sant Martí,71,Provençals del Poblenou,7,13,1
2024-01-01,10,Sant Martí,71,Provençals del Poblenou,7,13,2
2024-01-01,10,Sant Martí,71,Provençals del Poblenou,57,14,1
2024-01-01,10,Sant Martí,71,Provençals del Poblenou,58,14,2
2024-01-01,10,Sant Martí,71,Provençals del Poblenou,390,15,1
2024-01-01,10,Sant Martí,71,Provençals del Poblenou,300,15,2
2024-01-01,10,Sant Martí,71,Provençals del Poblenou,63,16,1
2024-01-01,10,Sant Martí,71,Provençals del Poblenou,77,16,2
2024-01-01,10,Sant Martí,71,Provençals del Poblenou,9309,17,1
2024-01-01,10,Sant Martí,71,Provençals del Poblenou,8550,17,2
2024-01-01,10,Sant Martí,71,Provençals del Poblenou,160,18,1
2024-01-01,10,Sant Martí,71,Provençals del Poblenou,155,18,2
2024-01-01,10,Sant Martí,71,Provençals del Poblenou,..,19,1
2024-01-01,10,Sant Martí,71,Provençals del Poblenou,..,19,2
2024-01-01,10,Sant Martí,71,Provençals del Poblenou,..,23,1
2024-01-01,10,Sant Martí,71,Provençals del Poblenou,..,23,2
2024-01-01,10,Sant Martí,72,Sant Martí de Provençals,..,1,2
2024-01-01,10,Sant Martí,72,Sant Martí de Provençals,5,2,1
2024-01-01,10,Sant Martí,72,Sant Martí de Provençals,..,2,2
2024-01-01,10,Sant Martí,72,Sant Martí de Provençals,60,3,1
2024-01-01,10,Sant Martí,72,Sant Martí de Provençals,103,3,2
2024-01-01,10,Sant Martí,72,Sant Martí de Provençals,7,5,1
2024-01-01,10,Sant Martí,72,Sant Martí de Provençals,27,5,2
2024-01-01,10,Sant Martí,72,Sant Martí de Provençals,76,6,1
2024-01-01,10,Sant Martí,72,Sant Martí de Provençals,85,6,2
2024-01-01,10,Sant Martí,72,Sant Martí de Provençals,160,7,1
2024-01-01,10,Sant Martí,72,Sant Martí de Provençals,92,7,2
2024-01-01,10,Sant Martí,72,Sant Martí de Provençals,730,8,1
2024-01-01,10,Sant Martí,72,Sant Martí de Provençals,698,8,2
2024-01-01,10,Sant Martí,72,Sant Martí de Provençals,19,9,1
2024-01-01,10,Sant Martí,72,Sant Martí de Provençals,17,9,2
2024-01-01,10,Sant Martí,72,Sant Martí de Provençals,6,10,1
2024-01-01,10,Sant Martí,72,Sant Martí de Provençals,..,10,2
2024-01-01,10,Sant Martí,72,Sant Martí de Provençals,523,11,1
2024-01-01,10,Sant Martí,72,Sant Martí de Provençals,467,11,2
2024-01-01,10,Sant Martí,72,Sant Martí de Provençals,88,12,1
2024-01-01,10,Sant Martí,72,Sant Martí de Provençals,164,12,2
2024-01-01,10,Sant Martí,72,Sant Martí de Provençals,33,13,1
2024-01-01,10,Sant Martí,72,Sant Martí de Provençals,15,13,2
2024-01-01,10,Sant Martí,72,Sant Martí de Provençals,77,14,1
2024-01-01,10,Sant Martí,72,Sant Martí de Provençals,68,14,2
2024-01-01,10,Sant Martí,72,Sant Martí de Provençals,339,15,1
2024-01-01,10,Sant Martí,72,Sant Martí de Provençals,229,15,2
2024-01-01,10,Sant Martí,72,Sant Martí de Provençals,46,16,1
2024-01-01,10,Sant Martí,72,Sant Martí de Provençals,41,16,2
2024-01-01,10,Sant Martí,72,Sant Martí de Provençals,11837,17,1
2024-01-01,10,Sant Martí,72,Sant Martí de Provençals,10362,17,2
2024-01-01,10,Sant Martí,72,Sant Martí de Provençals,91,18,1
2024-01-01,10,Sant Martí,72,Sant Martí de Provençals,92,18,2
2024-01-01,10,Sant Martí,72,Sant Martí de Provençals,..,19,1
2024-01-01,10,Sant Martí,72,Sant Martí de Provençals,..,19,2
2024-01-01,10,Sant Martí,72,Sant Martí de Provençals,..,23,1
2024-01-01,10,Sant Martí,72,Sant Martí de Provençals,..,23,2
2024-01-01,10,Sant Martí,73,la Verneda i la Pau,..,1,1
2024-01-01,10,Sant Martí,73,la Verneda i la Pau,..,1,2
2024-01-01,10,Sant Martí,73,la Verneda i la Pau,..,2,1
2024-01-01,10,Sant Martí,73,la Verneda i la Pau,5,2,2
2024-01-01,10,Sant Martí,73,la Verneda i la Pau,94,3,1
2024-01-01,10,Sant Martí,73,la Verneda i la Pau,172,3,2
2024-01-01,10,Sant Martí,73,la Verneda i la Pau,..,4,1
2024-01-01,10,Sant Martí,73,la Verneda i la Pau,32,5,1
2024-01-01,10,Sant Martí,73,la Verneda i la Pau,60,5,2
2024-01-01,10,Sant Martí,73,la Verneda i la Pau,79,6,1
2024-01-01,10,Sant Martí,73,la Verneda i la Pau,80,6,2
2024-01-01,10,Sant Martí,73,la Verneda i la Pau,204,7,1
2024-01-01,10,Sant Martí,73,la Verneda i la Pau,128,7,2
2024-01-01,10,Sant Martí,73,la Verneda i la Pau,848,8,1
2024-01-01,10,Sant Martí,73,la Verneda i la Pau,768,8,2
2024-01-01,10,Sant Martí,73,la Verneda i la Pau,15,9,1
2024-01-01,10,Sant Martí,73,la Verneda i la Pau,12,9,2
2024-01-01,10,Sant Martí,73,la Verneda i la Pau,10,10,1
2024-01-01,10,Sant Martí,73,la Verneda i la Pau,9,10,2
2024-01-01,10,Sant Martí,73,la Verneda i la Pau,448,11,1
2024-01-01,10,Sant Martí,73,la Verneda i la Pau,420,11,2
2024-01-01,10,Sant Martí,73,la Verneda i la Pau,187,12,1
2024-01-01,10,Sant Martí,73,la Verneda i la Pau,276,12,2
2024-01-01,10,Sant Martí,73,la Verneda i la Pau,30,13,1
2024-01-01,10,Sant Martí,73,la Verneda i la Pau,19,13,2
2024-01-01,10,Sant Martí,73,la Verneda i la Pau,139,14,1
2024-01-01,10,Sant Martí,73,la Verneda i la Pau,120,14,2
2024-01-01,10,Sant Martí,73,la Verneda i la Pau,671,15,1
2024-01-01,10,Sant Martí,73,la Verneda i la Pau,507,15,2
2024-01-01,10,Sant Martí,73,la Verneda i la Pau,25,16,1
2024-01-01,10,Sant Martí,73,la Verneda i la Pau,39,16,2
2024-01-01,10,Sant Martí,73,la Verneda i la Pau,13033,17,1
2024-01-01,10,Sant Martí,73,la Verneda i la Pau,11774,17,2
2024-01-01,10,Sant Martí,73,la Verneda i la Pau,69,18,1
2024-01-01,10,Sant Martí,73,la Verneda i la Pau,56,18,2
2024-01-01,10,Sant Martí,73,la Verneda i la Pau,..,19,1
2024-01-01,10,Sant Martí,73,la Verneda i la Pau,..,19,2
2024-01-01,10,Sant Martí,73,la Verneda i la Pau,..,23,1
2024-01-01,10,Sant Martí,73,la Verneda i la Pau,..,23,2
